"common_name","sample_type","collection_date","conservation_status","depth_high_range_m","depth_low_range_m","Depth_m","Diet","dist_to_dorsal_cm","distance_from_shore_m","distance_from_shore_m_log","evo_distanceto_mackerel_median_mya","evo_timetree_species_name","fish_collection_method","fl_cm","gape_cm","gi_cm","hab_notes","habitat_depth_level2","host_body_mass_index","host_common_name","host_height","host_height_vs_max_height_tl","host_scientific_name","host_subject_id","host_taxid","host_weight","mass_g","max_age","max_kg_grams","max_length_cm","max_tl_cm","method_gear","month","number_db","p_family","p_genus","p_genus_species_alternative","p_order","ratio_dorsal_to_tl","ratio_gape_to_tl","ratio_gi_to_tl","sample_type_descriptive","SAMPLE_TYPE","substrata_collection","swim_mode","swim_performance","tl_cm","trophic","p_genus_species"
"kelp bass","gill",longjaw mudsucker,"LC","61","1","3","fish_ squid_ invertebrates","11.8","24","1.380211242","116","Paralabrax","spear","35.9","5.2","56","not applicable","neritic","1.380315501","kelp bass","36","50","Paralabrax clathratus","FMP_1","172714","644","644","34","7","72.1","72","spear","7","296","Serranidae","Paralabrax","Paralabrax clathratus","Perciformes","0.327777778","0.144444444","1.555555556","gill tissue","fish gill","rocky reef","Subcarangiform","generalist","36","3","Paralabrax clathratus"
"sargo","gill",Pacific chub mackerel,"LC","40","0","3","crustaceans_ mollusks_ bryozoans","7.3","103","2.012837225","116","Anisotremus virginicus","spear","23.5","2","32","not applicable","neritic","1.652456446","sargo","25.5","44","Anisotremus davidsonii","FMP_10","314002","274","274","15","not applicable","60","58","spear","6","298","Haemulidae","Anisotremus","Anisotremus davidsonii","Perciformes","0.28627451","0.078431373","1.254901961","gill tissue","fish gill","rocky reef","Embiotociform","manoeuvrer","25.5","2","Anisotremus davidsonii"
"longjaw mudsucker","gill",vermilion rockfish,"LC","5","0","1","crustaceans_ worms","4.2","30","1.477121255","116","Gillichthys mirabilis","hook and line","12","2","13.4","mud, sandy bottom,","intertidal","0.891435185","longjaw mudsucker","12","57","Gillichthys mirabilis","FMP_100","8222","15.404","15.404","2","not applicable","21","21","rod and reel","8","334","Gobiidae","Gillichthys","Gillichthys mirabilis","Gobiiformes","0.35","0.166666667","1.116666667","gill tissue","fish gill","sandy mud bottom","Cottiform","accelerator","12","2","Gillichthys mirabilis"
"diamond turbot","gill",bigfin eelpout,"LC","50","1","1","polychaetes_ bivalves","1","5","0.698970004","116","not applicable","hook and line","14.7","0.7","23","not applicable","neritic","1.389254855","diamond turbot","14.7","32","Hypsopsetta guttulata","FMP_101","320378","44.13","44.13","9","not applicable","45.7","46","rod and reel","8","284","Pleuronectidae","Hypsopsetta","Hypsopsetta guttulata","Pleuronectiformes","0.068027211","0.047619048","1.56462585","gill tissue","fish gill","sandy mud bottom","Plueronectiform","flow refuging","14.7","2","Hypsopsetta guttulata"
"Black croaker","gill",longjaw mudsucker,"DD","45","0","2","crabs","5","155","2.190331698","116","Cheilotrema saturnum","hook and line","18.8","1.6","21","not applicable","neritic","1.27625","Black croaker","20","44","Cheilotrema saturnum","FMP_102","320392","102.1","102.1","20","0.7","45","45","rod and reel","8","309","Sciaenidae","Cheilotrema","Cheilotrema saturnum","Perciformes","0.25","0.08","1.05","gill tissue","fish gill","rocky reef","Subcarangiform","generalist","20","2","Cheilotrema saturnum"
"Pacific chub mackerel","gill",Pacific chub mackerel,"LC","300","0","1","copepods_ crustaceans_ squid","6.1","245","2.389166084","0","Scomber japonicus","hook and line","17.5","2.7","15.2","not applicable","neritic","0.754893424","Pacific chub mackerel","19.1","30","Scomber japonicus","FMP_103","13676","52.6","52.6","18","2.9","63.5","64","rod and reel","8","493","Scombridae","Scomber","Scomber japonicus","Scombriformes","0.319371728","0.141361257","0.795811518","gill tissue","fish gill","sandy bottom","Carangiform","crusier sprinter","19.1","2","Scomber japonicus"
"Pacific 'california' barracuda","gill",vermilion rockfish,"LC","18","0","2","fish","18.9","787","2.895974732","116","Sphyraena argentea","HSW gillnet survey","42.2","4.3","28","not applicable","neritic","0.321941068","Pacific 'california' barracuda","46.8","32","Sphyraena argentea","FMP_11","55125","330","330","12","12","122","145","gillnet","6","356","Sphyraenidae","Sphyraena","Sphyraena argentea","Carangiformes","0.403846154","0.091880342","0.598290598","gill tissue","fish gill","sandy bottom","Esociform","accelerator","46.8","3","Sphyraena argentea"
"barred sand bass","gill",bigfin eelpout,"LC","183","1","2","benthic invertebrates_ fish","7.9","787","2.895974732","116","Paralabrax nebulifer","HSW gillnet survey","28.8","4.1","39","not applicable","neritic","1.214005165","barred sand bass","28.8","43","Paralabrax nebulifer","FMP_12","30873","290","290","31","not applicable","65","67","gillnet","6","300","Serranidae","Paralabrax","Paralabrax nebulifer","Perciformes","0.274305556","0.142361111","1.354166667","gill tissue","fish gill","sandy bottom","Subcarangiform","generalist","28.8","3","Paralabrax nebulifer"
"queenfish","gill",longjaw mudsucker,"LC","21","1","2","shrimp_ worms_ fish","6.5","787","2.895974732","116","Seriphus politus","HSW gillnet survey","19.8","3.5","18.5","not applicable","neritic","0.946325394","queenfish","20.2","67","Seriphus politus","FMP_13","515231","78","78","not applicable","not applicable","30.5","30","gillnet","6","283","Sciaenidae","Seriphus","Seriphus politus","Perciformes","0.321782178","0.173267327","0.915841584","gill tissue","fish gill","sandy bottom","Subcarangiform","generalist","20.2","3","Seriphus politus"
"grey smoothound shark","gill",Pacific chub mackerel,"LC","200","0","3","fish_ crabs_ ghost shrimp_ innkeeper_ worms_","22.3","315","2.498310554","465","Mustelus stevensi","HSW gillnet survey","71.2","2.7","49.5","not applicable","neritic","0.290903749","grey smoothound shark","71.2","61","Mustelus californicus","FMP_14","320419","1050","1050","9","not applicable","163","116","gillnet","6","331","Triakidae","Mustelus","Mustelus californicus","Carcharhiniformes","0.313202247","0.037921348","0.695224719","gill tissue","fish gill","sandy mud bottom","Carcharhiniform","crusier sprinter","71.2","3","Mustelus californicus"
"leopard shark","gill",vermilion rockfish,"LC","156","0","3","crabs_ shrimps_ bony fish_ worms","25","52","1.716003344","465","Mustelus antarcticus","HSW gillnet survey","82.9","3.2","52","not applicable","neritic","0.483392986","leopard shark","82.9","42","Triakis semifasciata","FMP_15","30493","2754","2754","30","not applicable","213","198","gillnet","6","328","Triakidae","Triakis","Triakis semifasciata","Carcharhiniformes","0.301568154","0.038600724","0.627261761","gill tissue","fish gill","sandy mud bottom","Carcharhiniform","crusier sprinter","82.9","3","Triakis semifasciata"
"pacific staghorn sculpin","gill",bigfin eelpout,"NE","156","0","1","crab_ shrimp_ amphipod_ larval_ juvenile adult fish_ polychaete worms_ mollusks_ invertebrates","2.2","1","0","116","Leptocottus armatus","tidepool dipnet","8.5","1.4","6.8","not applicable","neritic","1.270099735","pacific staghorn sculpin","8.5","18","Leptocottus armatus","FMP_16","214925","7.8","7.8","10","not applicable","48","46","net","8","164","Cottidae","Leptocottus","Leptocottus armatus","Perciformes","0.258823529","0.164705882","0.8","gill tissue","fish gill","rocky reef","Cottiform","accelerator","8.5","3","Leptocottus armatus"
"treefish","gill",longjaw mudsucker,"NE","90","5","30","fish_ crabs_ shrimp","7.8","2486","3.395501124","116","Sebastes serriceps","hook and line survey","29.8","5","39","reef, bottom, kelp","neritic","2.161460168","treefish","29.8","73","Sebastes serriceps","FMP_17","201707","572","572","25","not applicable","41","41","rod and reel","8","239","Sebastidae","Sebastes","Sebastes serriceps","Perciformes","0.261744966","0.167785235","1.308724832","gill tissue","fish gill","kelp forrest","Labriform","generalist","29.8","3","Sebastes serriceps"
"CA sheephead","gill",Pacific chub mackerel,"VU","55","0","30","sea urchin_ mollusks_ lobsters_ crabs","12.5","2486","3.395501124","116","Semicossyphus pulcher","hook and line survey","41.5","not collected","not collected","not applicable","neritic","1.561326071","CA sheephead","44","48","Semicossyphus pulcher","FMP_18","241346","1330","1330","53","16","91","91","rod and reel","8","362","Labridae","Semicossyphus","Semicossyphus pulcher","Labriformes","0.284090909","not applicable","not applicable","gill tissue","fish gill","kelp forrest","Labriform","generalist","44","2","Semicossyphus pulcher"
"jack smelt","gill",vermilion rockfish,"LC","30","0","5","zooplantkton_ algae","12.6","822","2.914871818","116","Atherinopsis californiensis","hook and line survey","23.4","1.7","30","bay, reef, pelagic","neritic","0.574741238","jack smelt","25.5","57","Atherinopsis californiensis","FMP_19","1311532","95.3","95.3","11","not applicable","48.6","45","rod and reel","1","224","Atherinopsidae","Atherinopsis","Atherinopsis californiensis","Atheriniformes","0.494117647","0.066666667","1.176470588","gill tissue","fish gill","kelp forrest","Subcarangiform","generalist","25.5","2","Atherinopsis californiensis"
"ocean whitefish","gill",bigfin eelpout,"LC","91","10","10","digs into substrate for food (inverts?)","7.5","342","2.534026106","116","Caulolatilus princeps","hook and line","29.9","2.3","48","not applicable","neritic","1.170608161","ocean whitefish","31.9","31","Caulolatilus princeps","FMP_2","319437","380","380","not applicable","5.8","102","102","rod and reel","7","442","Malacanthidae","Caulolatilus","Caulolatilus princeps","Perciformes","0.235109718","0.072100313","1.504702194","gill tissue","fish gill","rocky reef","Subcarangiform","generalist","31.9","2","Caulolatilus princeps"
"Pacific jack mackerel","gill",longjaw mudsucker,"LC","400","0","5","crustaceans_ fish larvae","10.1","822","2.914871818","116","Trachurus symmetricus","hook and line survey","20.1","2.5","12.5","not applicable","neritic","0.724104016","Pacific jack mackerel","22.3","28","Trachurus symmetricus","FMP_20","271940","80.3","80.3","30","not applicable","81.3","81","rod and reel","1","292","Carangidae","Trachurus","Trachurus symmetricus","Carangiformes","0.452914798","0.112107623","0.560538117","gill tissue","fish gill","kelp forrest","Carangiform","crusier sprinter","22.3","2","Trachurus symmetricus"
"Pacific chub mackerel","gill",Pacific chub mackerel,"not applicable","not applicable","not applicable","not applicable","not applicable","not applicable","not applicable","not applicable","not applicable","not applicable","not applicable","not applicable","not applicable","not applicable","not applicable","not applicable","not collected","Pacific chub mackerel","not collected","not applicable","Scomber japonicus","FMP_121","13676","not collected","not collected","not applicable","not applicable","not applicable","not applicable","not applicable","11","not applicable","not applicable","not applicable","not applicable","not applicable","not applicable","not applicable","not applicable","gill tissue","fish gill","not applicable","not applicable","not applicable","not applicable","not applicable",NA
"Pacific chub mackerel","gill",vermilion rockfish,"not applicable","not applicable","not applicable","not applicable","not applicable","not applicable","not applicable","not applicable","not applicable","not applicable","not applicable","not applicable","not applicable","not applicable","not applicable","not applicable","not collected","Pacific chub mackerel","not collected","not applicable","Scomber japonicus","FMP_121","13676","not collected","not collected","not applicable","not applicable","not applicable","not applicable","not applicable","11","not applicable","not applicable","not applicable","not applicable","not applicable","not applicable","not applicable","not applicable","gill tissue","fish gill","not applicable","not applicable","not applicable","not applicable","not applicable",NA
"Pacific chub mackerel","gill",bigfin eelpout,"not applicable","not applicable","not applicable","not applicable","not applicable","not applicable","not applicable","not applicable","not applicable","not applicable","not applicable","not applicable","not applicable","not applicable","not applicable","not applicable","not collected","Pacific chub mackerel","not collected","not applicable","Scomber japonicus","FMP_121","13676","not collected","not collected","not applicable","not applicable","not applicable","not applicable","not applicable","11","not applicable","not applicable","not applicable","not applicable","not applicable","not applicable","not applicable","not applicable","gill tissue","fish gill","not applicable","not applicable","not applicable","not applicable","not applicable",NA
"Pacific chub mackerel","gill",longjaw mudsucker,"not applicable","not applicable","not applicable","not applicable","not applicable","not applicable","not applicable","not applicable","not applicable","not applicable","not applicable","not applicable","not applicable","not applicable","not applicable","not applicable","not collected","Pacific chub mackerel","not collected","not applicable","Scomber japonicus","FMP_121","13676","not collected","not collected","not applicable","not applicable","not applicable","not applicable","not applicable","11","not applicable","not applicable","not applicable","not applicable","not applicable","not applicable","not applicable","not applicable","gill swab","fish gill","not applicable","not applicable","not applicable","not applicable","not applicable",NA
"Pacific chub mackerel","gill",Pacific chub mackerel,"not applicable","not applicable","not applicable","not applicable","not applicable","not applicable","not applicable","not applicable","not applicable","not applicable","not applicable","not applicable","not applicable","not applicable","not applicable","not applicable","not collected","Pacific chub mackerel","not collected","not applicable","Scomber japonicus","FMP_121","13676","not collected","not collected","not applicable","not applicable","not applicable","not applicable","not applicable","11","not applicable","not applicable","not applicable","not applicable","not applicable","not applicable","not applicable","not applicable","gill tissue","fish gill","not applicable","not applicable","not applicable","not applicable","not applicable",NA
"Pacific chub mackerel","gill",vermilion rockfish,"not applicable","not applicable","not applicable","not applicable","not applicable","not applicable","not applicable","not applicable","not applicable","not applicable","not applicable","not applicable","not applicable","not applicable","not applicable","not applicable","not collected","Pacific chub mackerel","not collected","not applicable","Scomber japonicus","FMP_121","13676","not collected","not collected","not applicable","not applicable","not applicable","not applicable","not applicable","11","not applicable","not applicable","not applicable","not applicable","not applicable","not applicable","not applicable","not applicable","gill tissue","fish gill","not applicable","not applicable","not applicable","not applicable","not applicable",NA
"Pacific chub mackerel","gill",bigfin eelpout,"not applicable","not applicable","not applicable","not applicable","not applicable","not applicable","not applicable","not applicable","not applicable","not applicable","not applicable","not applicable","not applicable","not applicable","not applicable","not applicable","not collected","Pacific chub mackerel","not collected","not applicable","Scomber japonicus","FMP_121","13676","not collected","not collected","not applicable","not applicable","not applicable","not applicable","not applicable","11","not applicable","not applicable","not applicable","not applicable","not applicable","not applicable","not applicable","not applicable","gill tissue","fish gill","not applicable","not applicable","not applicable","not applicable","not applicable",NA
"Pacific chub mackerel","gill",longjaw mudsucker,"not applicable","not applicable","not applicable","not applicable","not applicable","not applicable","not applicable","not applicable","not applicable","not applicable","not applicable","not applicable","not applicable","not applicable","not applicable","not applicable","not collected","Pacific chub mackerel","not collected","not applicable","Scomber japonicus","FMP_121","13676","not collected","not collected","not applicable","not applicable","not applicable","not applicable","not applicable","11","not applicable","not applicable","not applicable","not applicable","not applicable","not applicable","not applicable","not applicable","gill tissue","fish gill","not applicable","not applicable","not applicable","not applicable","not applicable",NA
"Pacific chub mackerel","gill",Pacific chub mackerel,"not applicable","not applicable","not applicable","not applicable","not applicable","not applicable","not applicable","not applicable","not applicable","not applicable","not applicable","not applicable","not applicable","not applicable","not applicable","not applicable","not collected","Pacific chub mackerel","not collected","not applicable","Scomber japonicus","FMP_121","13676","not collected","not collected","not applicable","not applicable","not applicable","not applicable","not applicable","11","not applicable","not applicable","not applicable","not applicable","not applicable","not applicable","not applicable","not applicable","gill tissue","fish gill","not applicable","not applicable","not applicable","not applicable","not applicable",NA
"Pacific chub mackerel","gill",vermilion rockfish,"not applicable","not applicable","not applicable","not applicable","not applicable","not applicable","not applicable","not applicable","not applicable","not applicable","not applicable","not applicable","not applicable","not applicable","not applicable","not applicable","not collected","Pacific chub mackerel","not collected","not applicable","Scomber japonicus","FMP_121","13676","not collected","not collected","not applicable","not applicable","not applicable","not applicable","not applicable","11","not applicable","not applicable","not applicable","not applicable","not applicable","not applicable","not applicable","not applicable","gill tissue","fish gill","not applicable","not applicable","not applicable","not applicable","not applicable",NA
"Pacific chub mackerel","gill",bigfin eelpout,"not applicable","not applicable","not applicable","not applicable","not applicable","not applicable","not applicable","not applicable","not applicable","not applicable","not applicable","not applicable","not applicable","not applicable","not applicable","not applicable","not collected","Pacific chub mackerel","not collected","not applicable","Scomber japonicus","FMP_121","13676","not collected","not collected","not applicable","not applicable","not applicable","not applicable","not applicable","11","not applicable","not applicable","not applicable","not applicable","not applicable","not applicable","not applicable","not applicable","gill swab","fish gill","not applicable","not applicable","not applicable","not applicable","not applicable",NA
"Pacific chub mackerel","gill",longjaw mudsucker,"not applicable","not applicable","not applicable","not applicable","not applicable","not applicable","not applicable","not applicable","not applicable","not applicable","not applicable","not applicable","not applicable","not applicable","not applicable","not applicable","not collected","Pacific chub mackerel","not collected","not applicable","Scomber japonicus","FMP_121","13676","not collected","not collected","not applicable","not applicable","not applicable","not applicable","not applicable","11","not applicable","not applicable","not applicable","not applicable","not applicable","not applicable","not applicable","not applicable","gill tissue","fish gill","not applicable","not applicable","not applicable","not applicable","not applicable",NA
"Pacific chub mackerel","gill",Pacific chub mackerel,"not applicable","not applicable","not applicable","not applicable","not applicable","not applicable","not applicable","not applicable","not applicable","not applicable","not applicable","not applicable","not applicable","not applicable","not applicable","not applicable","not collected","Pacific chub mackerel","not collected","not applicable","Scomber japonicus","FMP_121","13676","not collected","not collected","not applicable","not applicable","not applicable","not applicable","not applicable","11","not applicable","not applicable","not applicable","not applicable","not applicable","not applicable","not applicable","not applicable","gill tissue","fish gill","not applicable","not applicable","not applicable","not applicable","not applicable",NA
"Pacific chub mackerel","gill",vermilion rockfish,"not applicable","not applicable","not applicable","not applicable","not applicable","not applicable","not applicable","not applicable","not applicable","not applicable","not applicable","not applicable","not applicable","not applicable","not applicable","not applicable","not collected","Pacific chub mackerel","not collected","not applicable","Scomber japonicus","FMP_121","13676","not collected","not collected","not applicable","not applicable","not applicable","not applicable","not applicable","11","not applicable","not applicable","not applicable","not applicable","not applicable","not applicable","not applicable","not applicable","gill tissue","fish gill","not applicable","not applicable","not applicable","not applicable","not applicable",NA
"Pacific chub mackerel","gill",bigfin eelpout,"not applicable","not applicable","not applicable","not applicable","not applicable","not applicable","not applicable","not applicable","not applicable","not applicable","not applicable","not applicable","not applicable","not applicable","not applicable","not applicable","not collected","Pacific chub mackerel","not collected","not applicable","Scomber japonicus","FMP_121","13676","not collected","not collected","not applicable","not applicable","not applicable","not applicable","not applicable","11","not applicable","not applicable","not applicable","not applicable","not applicable","not applicable","not applicable","not applicable","gill swab","fish gill","not applicable","not applicable","not applicable","not applicable","not applicable",NA
"Pacific chub mackerel","gill",longjaw mudsucker,"not applicable","not applicable","not applicable","not applicable","not applicable","not applicable","not applicable","not applicable","not applicable","not applicable","not applicable","not applicable","not applicable","not applicable","not applicable","not applicable","not collected","Pacific chub mackerel","not collected","not applicable","Scomber japonicus","FMP_121","13676","not collected","not collected","not applicable","not applicable","not applicable","not applicable","not applicable","11","not applicable","not applicable","not applicable","not applicable","not applicable","not applicable","not applicable","not applicable","gill tissue","fish gill","not applicable","not applicable","not applicable","not applicable","not applicable",NA
"Pacific chub mackerel","gill",Pacific chub mackerel,"not applicable","not applicable","not applicable","not applicable","not applicable","not applicable","not applicable","not applicable","not applicable","not applicable","not applicable","not applicable","not applicable","not applicable","not applicable","not applicable","not collected","Pacific chub mackerel","not collected","not applicable","Scomber japonicus","FMP_121","13676","not collected","not collected","not applicable","not applicable","not applicable","not applicable","not applicable","11","not applicable","not applicable","not applicable","not applicable","not applicable","not applicable","not applicable","not applicable","gill tissue","fish gill","not applicable","not applicable","not applicable","not applicable","not applicable",NA
"Pacific chub mackerel","gill",vermilion rockfish,"not applicable","not applicable","not applicable","not applicable","not applicable","not applicable","not applicable","not applicable","not applicable","not applicable","not applicable","not applicable","not applicable","not applicable","not applicable","not applicable","not collected","Pacific chub mackerel","not collected","not applicable","Scomber japonicus","FMP_121","13676","not collected","not collected","not applicable","not applicable","not applicable","not applicable","not applicable","11","not applicable","not applicable","not applicable","not applicable","not applicable","not applicable","not applicable","not applicable","gill tissue","fish gill","not applicable","not applicable","not applicable","not applicable","not applicable",NA
"Pacific chub mackerel","gill",bigfin eelpout,"not applicable","not applicable","not applicable","not applicable","not applicable","not applicable","not applicable","not applicable","not applicable","not applicable","not applicable","not applicable","not applicable","not applicable","not applicable","not applicable","not collected","Pacific chub mackerel","not collected","not applicable","Scomber japonicus","FMP_121","13676","not collected","not collected","not applicable","not applicable","not applicable","not applicable","not applicable","11","not applicable","not applicable","not applicable","not applicable","not applicable","not applicable","not applicable","not applicable","gill tissue","fish gill","not applicable","not applicable","not applicable","not applicable","not applicable",NA
"Pacific chub mackerel","gill",longjaw mudsucker,"not applicable","not applicable","not applicable","not applicable","not applicable","not applicable","not applicable","not applicable","not applicable","not applicable","not applicable","not applicable","not applicable","not applicable","not applicable","not applicable","not collected","Pacific chub mackerel","not collected","not applicable","Scomber japonicus","FMP_121","13676","not collected","not collected","not applicable","not applicable","not applicable","not applicable","not applicable","11","not applicable","not applicable","not applicable","not applicable","not applicable","not applicable","not applicable","not applicable","gill tissue","fish gill","not applicable","not applicable","not applicable","not applicable","not applicable",NA
"Pacific chub mackerel","gill",Pacific chub mackerel,"not applicable","not applicable","not applicable","not applicable","not applicable","not applicable","not applicable","not applicable","not applicable","not applicable","not applicable","not applicable","not applicable","not applicable","not applicable","not applicable","not collected","Pacific chub mackerel","not collected","not applicable","Scomber japonicus","FMP_121","13676","not collected","not applicable","not applicable","not applicable","not applicable","not applicable","not applicable","11","not applicable","not applicable","not applicable","not applicable","not applicable","not applicable","not applicable","not applicable","gill tissue","fish gill","not applicable","not applicable","not applicable","not applicable","not applicable",NA
"Pacific chub mackerel","gill",vermilion rockfish,"not applicable","not applicable","not applicable","not applicable","not applicable","not applicable","not applicable","not applicable","not applicable","not applicable","not applicable","not applicable","not applicable","not applicable","not applicable","not applicable","not collected","Pacific chub mackerel","not collected","not applicable","Scomber japonicus","FMP_121","13676","not collected","not collected","not applicable","not applicable","not applicable","not applicable","not applicable","11","not applicable","not applicable","not applicable","not applicable","not applicable","not applicable","not applicable","not applicable","gill swab","fish gill","not applicable","not applicable","not applicable","not applicable","not applicable",NA
"Pacific chub mackerel","gill",bigfin eelpout,"not applicable","not applicable","not applicable","not applicable","not applicable","not applicable","not applicable","not applicable","not applicable","not applicable","not applicable","not applicable","not applicable","not applicable","not applicable","not applicable","not collected","Pacific chub mackerel","not collected","not applicable","Scomber japonicus","FMP_121","13676","not collected","not collected","not applicable","not applicable","not applicable","not applicable","not applicable","11","not applicable","not applicable","not applicable","not applicable","not applicable","not applicable","not applicable","not applicable","gill tissue","fish gill","not applicable","not applicable","not applicable","not applicable","not applicable",NA
"Pacific chub mackerel","gill",longjaw mudsucker,"not applicable","not applicable","not applicable","not applicable","not applicable","not applicable","not applicable","not applicable","not applicable","not applicable","not applicable","not applicable","not applicable","not applicable","not applicable","not applicable","not collected","Pacific chub mackerel","not collected","not applicable","Scomber japonicus","FMP_121","13676","not collected","not collected","not applicable","not applicable","not applicable","not applicable","not applicable","11","not applicable","not applicable","not applicable","not applicable","not applicable","not applicable","not applicable","not applicable","gill tissue","fish gill","not applicable","not applicable","not applicable","not applicable","not applicable",NA
"Pacific chub mackerel","gill",Pacific chub mackerel,"not applicable","not applicable","not applicable","not applicable","not applicable","not applicable","not applicable","not applicable","not applicable","not applicable","not applicable","not applicable","not applicable","not applicable","not applicable","not applicable","not collected","Pacific chub mackerel","not collected","not applicable","Scomber japonicus","FMP_121","13676","not collected","not collected","not applicable","not applicable","not applicable","not applicable","not applicable","11","not applicable","not applicable","not applicable","not applicable","not applicable","not applicable","not applicable","not applicable","gill tissue","fish gill","not applicable","not applicable","not applicable","not applicable","not applicable",NA
"Pacific chub mackerel","gill",vermilion rockfish,"not applicable","not applicable","not applicable","not applicable","not applicable","not applicable","not applicable","not applicable","not applicable","not applicable","not applicable","not applicable","not applicable","not applicable","not applicable","not applicable","not collected","Pacific chub mackerel","not collected","not applicable","Scomber japonicus","FMP_121","13676","not collected","not collected","not applicable","not applicable","not applicable","not applicable","not applicable","11","not applicable","not applicable","not applicable","not applicable","not applicable","not applicable","not applicable","not applicable","gill swab","fish gill","not applicable","not applicable","not applicable","not applicable","not applicable",NA
"Pacific chub mackerel","gill",bigfin eelpout,"not applicable","not applicable","not applicable","not applicable","not applicable","not applicable","not applicable","not applicable","not applicable","not applicable","not applicable","not applicable","not applicable","not applicable","not applicable","not applicable","not collected","Pacific chub mackerel","not collected","not applicable","Scomber japonicus","FMP_121","13676","not collected","not collected","not applicable","not applicable","not applicable","not applicable","not applicable","11","not applicable","not applicable","not applicable","not applicable","not applicable","not applicable","not applicable","not applicable","gill tissue","fish gill","not applicable","not applicable","not applicable","not applicable","not applicable",NA
"Pacific chub mackerel","gill",longjaw mudsucker,"not applicable","not applicable","not applicable","not applicable","not applicable","not applicable","not applicable","not applicable","not applicable","not applicable","not applicable","not applicable","not applicable","not applicable","not applicable","not applicable","not collected","Pacific chub mackerel","not collected","not applicable","Scomber japonicus","FMP_121","13676","not collected","not collected","not applicable","not applicable","not applicable","not applicable","not applicable","11","not applicable","not applicable","not applicable","not applicable","not applicable","not applicable","not applicable","not applicable","gill tissue","fish gill","not applicable","not applicable","not applicable","not applicable","not applicable",NA
"Pacific chub mackerel","gill",Pacific chub mackerel,"not applicable","not applicable","not applicable","not applicable","not applicable","not applicable","not applicable","not applicable","not applicable","not applicable","not applicable","not applicable","not applicable","not applicable","not applicable","not applicable","not collected","Pacific chub mackerel","not collected","not applicable","Scomber japonicus","FMP_121","13676","not collected","not collected","not applicable","not applicable","not applicable","not applicable","not applicable","11","not applicable","not applicable","not applicable","not applicable","not applicable","not applicable","not applicable","not applicable","gill tissue","fish gill","not applicable","not applicable","not applicable","not applicable","not applicable",NA
"Pacific chub mackerel","gill",vermilion rockfish,"not applicable","not applicable","not applicable","not applicable","not applicable","not applicable","not applicable","not applicable","not applicable","not applicable","not applicable","not applicable","not applicable","not applicable","not applicable","not applicable","not collected","Pacific chub mackerel","not collected","not applicable","Scomber japonicus","FMP_121","13676","not collected","not collected","not applicable","not applicable","not applicable","not applicable","not applicable","11","not applicable","not applicable","not applicable","not applicable","not applicable","not applicable","not applicable","not applicable","gill tissue","fish gill","not applicable","not applicable","not applicable","not applicable","not applicable",NA
"Pacific chub mackerel","gill",bigfin eelpout,"not applicable","not applicable","not applicable","not applicable","not applicable","not applicable","not applicable","not applicable","not applicable","not applicable","not applicable","not applicable","not applicable","not applicable","not applicable","not applicable","not collected","Pacific chub mackerel","not collected","not applicable","Scomber japonicus","FMP_121","13676","not collected","not collected","not applicable","not applicable","not applicable","not applicable","not applicable","11","not applicable","not applicable","not applicable","not applicable","not applicable","not applicable","not applicable","not applicable","gill tissue","fish gill","not applicable","not applicable","not applicable","not applicable","not applicable",NA
"Pacific chub mackerel","gill",longjaw mudsucker,"not applicable","not applicable","not applicable","not applicable","not applicable","not applicable","not applicable","not applicable","not applicable","not applicable","not applicable","not applicable","not applicable","not applicable","not applicable","not applicable","not collected","Pacific chub mackerel","not collected","not applicable","Scomber japonicus","FMP_121","13676","not collected","not collected","not applicable","not applicable","not applicable","not applicable","not applicable","11","not applicable","not applicable","not applicable","not applicable","not applicable","not applicable","not applicable","not applicable","gill tissue","fish gill","not applicable","not applicable","not applicable","not applicable","not applicable",NA
"Pacific chub mackerel","gill",Pacific chub mackerel,"not applicable","not applicable","not applicable","not applicable","not applicable","not applicable","not applicable","not applicable","not applicable","not applicable","not applicable","not applicable","not applicable","not applicable","not applicable","not applicable","not collected","Pacific chub mackerel","not collected","not applicable","Scomber japonicus","FMP_121","13676","not collected","not collected","not applicable","not applicable","not applicable","not applicable","not applicable","11","not applicable","not applicable","not applicable","not applicable","not applicable","not applicable","not applicable","not applicable","gill swab","fish gill","not applicable","not applicable","not applicable","not applicable","not applicable",NA
"Pacific chub mackerel","gill",vermilion rockfish,"not applicable","not applicable","not applicable","not applicable","not applicable","not applicable","not applicable","not applicable","not applicable","not applicable","not applicable","not applicable","not applicable","not applicable","not applicable","not applicable","not collected","Pacific chub mackerel","not collected","not applicable","Scomber japonicus","FMP_121","13676","not collected","not collected","not applicable","not applicable","not applicable","not applicable","not applicable","11","not applicable","not applicable","not applicable","not applicable","not applicable","not applicable","not applicable","not applicable","gill tissue","fish gill","not applicable","not applicable","not applicable","not applicable","not applicable",NA
"Pacific chub mackerel","gill",bigfin eelpout,"not applicable","not applicable","not applicable","not applicable","not applicable","not applicable","not applicable","not applicable","not applicable","not applicable","not applicable","not applicable","not applicable","not applicable","not applicable","not applicable","not collected","Pacific chub mackerel","not collected","not applicable","Scomber japonicus","FMP_121","13676","not collected","not collected","not applicable","not applicable","not applicable","not applicable","not applicable","11","not applicable","not applicable","not applicable","not applicable","not applicable","not applicable","not applicable","not applicable","gill tissue","fish gill","not applicable","not applicable","not applicable","not applicable","not applicable",NA
"Pacific chub mackerel","gill",longjaw mudsucker,"not applicable","not applicable","not applicable","not applicable","not applicable","not applicable","not applicable","not applicable","not applicable","not applicable","not applicable","not applicable","not applicable","not applicable","not applicable","not applicable","not collected","Pacific chub mackerel","not collected","not applicable","Scomber japonicus","FMP_121","13676","not collected","not collected","not applicable","not applicable","not applicable","not applicable","not applicable","11","not applicable","not applicable","not applicable","not applicable","not applicable","not applicable","not applicable","not applicable","gill tissue","fish gill","not applicable","not applicable","not applicable","not applicable","not applicable",NA
"Pacific chub mackerel","gill",Pacific chub mackerel,"not applicable","not applicable","not applicable","not applicable","not applicable","not applicable","not applicable","not applicable","not applicable","not applicable","not applicable","not applicable","not applicable","not applicable","not applicable","not applicable","not collected","Pacific chub mackerel","not collected","not applicable","Scomber japonicus","FMP_121","13676","not collected","not collected","not applicable","not applicable","not applicable","not applicable","not applicable","11","not applicable","not applicable","not applicable","not applicable","not applicable","not applicable","not applicable","not applicable","gill tissue","fish gill","not applicable","not applicable","not applicable","not applicable","not applicable",NA
"Pacific chub mackerel","gill",vermilion rockfish,"not applicable","not applicable","not applicable","not applicable","not applicable","not applicable","not applicable","not applicable","not applicable","not applicable","not applicable","not applicable","not applicable","not applicable","not applicable","not applicable","not collected","Pacific chub mackerel","not collected","not applicable","Scomber japonicus","FMP_121","13676","not collected","not applicable","not applicable","not applicable","not applicable","not applicable","not applicable","11","not applicable","not applicable","not applicable","not applicable","not applicable","not applicable","not applicable","not applicable","gill tissue","fish gill","not applicable","not applicable","not applicable","not applicable","not applicable",NA
"Pacific chub mackerel","gill",bigfin eelpout,"not applicable","not applicable","not applicable","not applicable","not applicable","not applicable","not applicable","not applicable","not applicable","not applicable","not applicable","not applicable","not applicable","not applicable","not applicable","not applicable","not collected","Pacific chub mackerel","not collected","not applicable","Scomber japonicus","FMP_121","13676","not collected","not collected","not applicable","not applicable","not applicable","not applicable","not applicable","11","not applicable","not applicable","not applicable","not applicable","not applicable","not applicable","not applicable","not applicable","gill tissue","fish gill","not applicable","not applicable","not applicable","not applicable","not applicable",NA
"Pacific chub mackerel","gill",longjaw mudsucker,"not applicable","not applicable","not applicable","not applicable","not applicable","not applicable","not applicable","not applicable","not applicable","not applicable","not applicable","not applicable","not applicable","not applicable","not applicable","not applicable","not collected","Pacific chub mackerel","not collected","not applicable","Scomber japonicus","FMP_121","13676","not collected","not collected","not applicable","not applicable","not applicable","not applicable","not applicable","11","not applicable","not applicable","not applicable","not applicable","not applicable","not applicable","not applicable","not applicable","gill tissue","fish gill","not applicable","not applicable","not applicable","not applicable","not applicable",NA
"Pacific chub mackerel","gill",Pacific chub mackerel,"not applicable","not applicable","not applicable","not applicable","not applicable","not applicable","not applicable","not applicable","not applicable","not applicable","not applicable","not applicable","not applicable","not applicable","not applicable","not applicable","not collected","Pacific chub mackerel","not collected","not applicable","Scomber japonicus","FMP_121","13676","not collected","not collected","not applicable","not applicable","not applicable","not applicable","not applicable","11","not applicable","not applicable","not applicable","not applicable","not applicable","not applicable","not applicable","not applicable","gill tissue","fish gill","not applicable","not applicable","not applicable","not applicable","not applicable",NA
"Pacific chub mackerel","gill",vermilion rockfish,"not applicable","not applicable","not applicable","not applicable","not applicable","not applicable","not applicable","not applicable","not applicable","not applicable","not applicable","not applicable","not applicable","not applicable","not applicable","not applicable","not collected","Pacific chub mackerel","not collected","not applicable","Scomber japonicus","FMP_121","13676","not collected","not collected","not applicable","not applicable","not applicable","not applicable","not applicable","11","not applicable","not applicable","not applicable","not applicable","not applicable","not applicable","not applicable","not applicable","gill tissue","fish gill","not applicable","not applicable","not applicable","not applicable","not applicable",NA
"Pacific chub mackerel","gill",bigfin eelpout,"not applicable","not applicable","not applicable","not applicable","not applicable","not applicable","not applicable","not applicable","not applicable","not applicable","not applicable","not applicable","not applicable","not applicable","not applicable","not applicable","not collected","Pacific chub mackerel","not collected","not applicable","Scomber japonicus","FMP_121","13676","not collected","not collected","not applicable","not applicable","not applicable","not applicable","not applicable","11","not applicable","not applicable","not applicable","not applicable","not applicable","not applicable","not applicable","not applicable","gill swab","fish gill","not applicable","not applicable","not applicable","not applicable","not applicable",NA
"Pacific chub mackerel","gill",longjaw mudsucker,"not applicable","not applicable","not applicable","not applicable","not applicable","not applicable","not applicable","not applicable","not applicable","not applicable","not applicable","not applicable","not applicable","not applicable","not applicable","not applicable","not collected","Pacific chub mackerel","not collected","not applicable","Scomber japonicus","FMP_121","13676","not collected","not collected","not applicable","not applicable","not applicable","not applicable","not applicable","11","not applicable","not applicable","not applicable","not applicable","not applicable","not applicable","not applicable","not applicable","gill tissue","fish gill","not applicable","not applicable","not applicable","not applicable","not applicable",NA
"Pacific chub mackerel","gill",Pacific chub mackerel,"not applicable","not applicable","not applicable","not applicable","not applicable","not applicable","not applicable","not applicable","not applicable","not applicable","not applicable","not applicable","not applicable","not applicable","not applicable","not applicable","not collected","Pacific chub mackerel","not collected","not applicable","Scomber japonicus","FMP_121","13676","not collected","not applicable","not applicable","not applicable","not applicable","not applicable","not applicable","11","not applicable","not applicable","not applicable","not applicable","not applicable","not applicable","not applicable","not applicable","gill tissue","fish gill","not applicable","not applicable","not applicable","not applicable","not applicable",NA
"Pacific chub mackerel","gill",vermilion rockfish,"not applicable","not applicable","not applicable","not applicable","not applicable","not applicable","not applicable","not applicable","not applicable","not applicable","not applicable","not applicable","not applicable","not applicable","not applicable","not applicable","not collected","Pacific chub mackerel","not collected","not applicable","Scomber japonicus","FMP_121","13676","not collected","not collected","not applicable","not applicable","not applicable","not applicable","not applicable","11","not applicable","not applicable","not applicable","not applicable","not applicable","not applicable","not applicable","not applicable","gill tissue","fish gill","not applicable","not applicable","not applicable","not applicable","not applicable",NA
"Pacific chub mackerel","gill",bigfin eelpout,"not applicable","not applicable","not applicable","not applicable","not applicable","not applicable","not applicable","not applicable","not applicable","not applicable","not applicable","not applicable","not applicable","not applicable","not applicable","not applicable","not collected","Pacific chub mackerel","not collected","not applicable","Scomber japonicus","FMP_121","13676","not collected","not collected","not applicable","not applicable","not applicable","not applicable","not applicable","11","not applicable","not applicable","not applicable","not applicable","not applicable","not applicable","not applicable","not applicable","gill tissue","fish gill","not applicable","not applicable","not applicable","not applicable","not applicable",NA
"Pacific chub mackerel","gill",longjaw mudsucker,"not applicable","not applicable","not applicable","not applicable","not applicable","not applicable","not applicable","not applicable","not applicable","not applicable","not applicable","not applicable","not applicable","not applicable","not applicable","not applicable","not collected","Pacific chub mackerel","not collected","not applicable","Scomber japonicus","FMP_121","13676","not collected","not collected","not applicable","not applicable","not applicable","not applicable","not applicable","11","not applicable","not applicable","not applicable","not applicable","not applicable","not applicable","not applicable","not applicable","gill tissue","fish gill","not applicable","not applicable","not applicable","not applicable","not applicable",NA
"Pacific chub mackerel","gill",Pacific chub mackerel,"not applicable","not applicable","not applicable","not applicable","not applicable","not applicable","not applicable","not applicable","not applicable","not applicable","not applicable","not applicable","not applicable","not applicable","not applicable","not applicable","not collected","Pacific chub mackerel","not collected","not applicable","Scomber japonicus","FMP_121","13676","not collected","not collected","not applicable","not applicable","not applicable","not applicable","not applicable","11","not applicable","not applicable","not applicable","not applicable","not applicable","not applicable","not applicable","not applicable","gill tissue","fish gill","not applicable","not applicable","not applicable","not applicable","not applicable",NA
"Pacific chub mackerel","gill",vermilion rockfish,"not applicable","not applicable","not applicable","not applicable","not applicable","not applicable","not applicable","not applicable","not applicable","not applicable","not applicable","not applicable","not applicable","not applicable","not applicable","not applicable","not collected","Pacific chub mackerel","not collected","not applicable","Scomber japonicus","FMP_121","13676","not collected","not collected","not applicable","not applicable","not applicable","not applicable","not applicable","11","not applicable","not applicable","not applicable","not applicable","not applicable","not applicable","not applicable","not applicable","gill swab","fish gill","not applicable","not applicable","not applicable","not applicable","not applicable",NA
"Pacific chub mackerel","gill",bigfin eelpout,"not applicable","not applicable","not applicable","not applicable","not applicable","not applicable","not applicable","not applicable","not applicable","not applicable","not applicable","not applicable","not applicable","not applicable","not applicable","not applicable","not collected","Pacific chub mackerel","not collected","not applicable","Scomber japonicus","FMP_121","13676","not collected","not collected","not applicable","not applicable","not applicable","not applicable","not applicable","11","not applicable","not applicable","not applicable","not applicable","not applicable","not applicable","not applicable","not applicable","gill tissue","fish gill","not applicable","not applicable","not applicable","not applicable","not applicable",NA
"Pacific chub mackerel","gill",longjaw mudsucker,"not applicable","not applicable","not applicable","not applicable","not applicable","not applicable","not applicable","not applicable","not applicable","not applicable","not applicable","not applicable","not applicable","not applicable","not applicable","not applicable","not collected","Pacific chub mackerel","not collected","not applicable","Scomber japonicus","FMP_121","13676","not collected","not collected","not applicable","not applicable","not applicable","not applicable","not applicable","11","not applicable","not applicable","not applicable","not applicable","not applicable","not applicable","not applicable","not applicable","gill tissue","fish gill","not applicable","not applicable","not applicable","not applicable","not applicable",NA
"Pacific chub mackerel","gill",Pacific chub mackerel,"not applicable","not applicable","not applicable","not applicable","not applicable","not applicable","not applicable","not applicable","not applicable","not applicable","not applicable","not applicable","not applicable","not applicable","not applicable","not applicable","not collected","Pacific chub mackerel","not collected","not applicable","Scomber japonicus","FMP_121","13676","not collected","not collected","not applicable","not applicable","not applicable","not applicable","not applicable","11","not applicable","not applicable","not applicable","not applicable","not applicable","not applicable","not applicable","not applicable","gill tissue","fish gill","not applicable","not applicable","not applicable","not applicable","not applicable",NA
"Pacific chub mackerel","gill",vermilion rockfish,"not applicable","not applicable","not applicable","not applicable","not applicable","not applicable","not applicable","not applicable","not applicable","not applicable","not applicable","not applicable","not applicable","not applicable","not applicable","not applicable","not collected","Pacific chub mackerel","not collected","not applicable","Scomber japonicus","FMP_121","13676","not collected","not collected","not applicable","not applicable","not applicable","not applicable","not applicable","11","not applicable","not applicable","not applicable","not applicable","not applicable","not applicable","not applicable","not applicable","gill swab","fish gill","not applicable","not applicable","not applicable","not applicable","not applicable",NA
"Pacific chub mackerel","gill",bigfin eelpout,"not applicable","not applicable","not applicable","not applicable","not applicable","not applicable","not applicable","not applicable","not applicable","not applicable","not applicable","not applicable","not applicable","not applicable","not applicable","not applicable","not collected","Pacific chub mackerel","not collected","not applicable","Scomber japonicus","FMP_121","13676","not collected","not collected","not applicable","not applicable","not applicable","not applicable","not applicable","11","not applicable","not applicable","not applicable","not applicable","not applicable","not applicable","not applicable","not applicable","gill tissue","fish gill","not applicable","not applicable","not applicable","not applicable","not applicable",NA
"Pacific chub mackerel","gill",longjaw mudsucker,"not applicable","not applicable","not applicable","not applicable","not applicable","not applicable","not applicable","not applicable","not applicable","not applicable","not applicable","not applicable","not applicable","not applicable","not applicable","not applicable","not collected","Pacific chub mackerel","not collected","not applicable","Scomber japonicus","FMP_121","13676","not collected","not collected","not applicable","not applicable","not applicable","not applicable","not applicable","11","not applicable","not applicable","not applicable","not applicable","not applicable","not applicable","not applicable","not applicable","gill tissue","fish gill","not applicable","not applicable","not applicable","not applicable","not applicable",NA
"Pacific chub mackerel","gill",Pacific chub mackerel,"not applicable","not applicable","not applicable","not applicable","not applicable","not applicable","not applicable","not applicable","not applicable","not applicable","not applicable","not applicable","not applicable","not applicable","not applicable","not applicable","not collected","Pacific chub mackerel","not collected","not applicable","Scomber japonicus","FMP_121","13676","not collected","not collected","not applicable","not applicable","not applicable","not applicable","not applicable","11","not applicable","not applicable","not applicable","not applicable","not applicable","not applicable","not applicable","not applicable","gill tissue","fish gill","not applicable","not applicable","not applicable","not applicable","not applicable",NA
"Pacific chub mackerel","gill",vermilion rockfish,"not applicable","not applicable","not applicable","not applicable","not applicable","not applicable","not applicable","not applicable","not applicable","not applicable","not applicable","not applicable","not applicable","not applicable","not applicable","not applicable","not collected","Pacific chub mackerel","not collected","not applicable","Scomber japonicus","FMP_121","13676","not collected","not collected","not applicable","not applicable","not applicable","not applicable","not applicable","11","not applicable","not applicable","not applicable","not applicable","not applicable","not applicable","not applicable","not applicable","gill tissue","fish gill","not applicable","not applicable","not applicable","not applicable","not applicable",NA
"Pacific chub mackerel","gill",bigfin eelpout,"not applicable","not applicable","not applicable","not applicable","not applicable","not applicable","not applicable","not applicable","not applicable","not applicable","not applicable","not applicable","not applicable","not applicable","not applicable","not applicable","not collected","Pacific chub mackerel","not collected","not applicable","Scomber japonicus","FMP_121","13676","not collected","not applicable","not applicable","not applicable","not applicable","not applicable","not applicable","11","not applicable","not applicable","not applicable","not applicable","not applicable","not applicable","not applicable","not applicable","gill tissue","fish gill","not applicable","not applicable","not applicable","not applicable","not applicable",NA
"Pacific chub mackerel","gill",longjaw mudsucker,"not applicable","not applicable","not applicable","not applicable","not applicable","not applicable","not applicable","not applicable","not applicable","not applicable","not applicable","not applicable","not applicable","not applicable","not applicable","not applicable","not collected","Pacific chub mackerel","not collected","not applicable","Scomber japonicus","FMP_121","13676","not collected","not applicable","not applicable","not applicable","not applicable","not applicable","not applicable","11","not applicable","not applicable","not applicable","not applicable","not applicable","not applicable","not applicable","not applicable","gill tissue","fish gill","not applicable","not applicable","not applicable","not applicable","not applicable",NA
"Pacific chub mackerel","gill",Pacific chub mackerel,"not applicable","not applicable","not applicable","not applicable","not applicable","not applicable","not applicable","not applicable","not applicable","not applicable","not applicable","not applicable","not applicable","not applicable","not applicable","not applicable","not collected","Pacific chub mackerel","not collected","not applicable","Scomber japonicus","FMP_121","13676","not collected","not collected","not applicable","not applicable","not applicable","not applicable","not applicable","11","not applicable","not applicable","not applicable","not applicable","not applicable","not applicable","not applicable","not applicable","gill swab","fish gill","not applicable","not applicable","not applicable","not applicable","not applicable",NA
"Pacific chub mackerel","gill",vermilion rockfish,"not applicable","not applicable","not applicable","not applicable","not applicable","not applicable","not applicable","not applicable","not applicable","not applicable","not applicable","not applicable","not applicable","not applicable","not applicable","not applicable","not collected","Pacific chub mackerel","not collected","not applicable","Scomber japonicus","FMP_121","13676","not collected","not collected","not applicable","not applicable","not applicable","not applicable","not applicable","11","not applicable","not applicable","not applicable","not applicable","not applicable","not applicable","not applicable","not applicable","gill tissue","fish gill","not applicable","not applicable","not applicable","not applicable","not applicable",NA
"Pacific chub mackerel","gill",bigfin eelpout,"not applicable","not applicable","not applicable","not applicable","not applicable","not applicable","not applicable","not applicable","not applicable","not applicable","not applicable","not applicable","not applicable","not applicable","not applicable","not applicable","not collected","Pacific chub mackerel","not collected","not applicable","Scomber japonicus","FMP_121","13676","not collected","not collected","not applicable","not applicable","not applicable","not applicable","not applicable","11","not applicable","not applicable","not applicable","not applicable","not applicable","not applicable","not applicable","not applicable","gill tissue","fish gill","not applicable","not applicable","not applicable","not applicable","not applicable",NA
"Pacific chub mackerel","gill",longjaw mudsucker,"not applicable","not applicable","not applicable","not applicable","not applicable","not applicable","not applicable","not applicable","not applicable","not applicable","not applicable","not applicable","not applicable","not applicable","not applicable","not applicable","not collected","Pacific chub mackerel","not collected","not applicable","Scomber japonicus","FMP_121","13676","not collected","not collected","not applicable","not applicable","not applicable","not applicable","not applicable","11","not applicable","not applicable","not applicable","not applicable","not applicable","not applicable","not applicable","not applicable","gill tissue","fish gill","not applicable","not applicable","not applicable","not applicable","not applicable",NA
"Pacific chub mackerel","gill",Pacific chub mackerel,"not applicable","not applicable","not applicable","not applicable","not applicable","not applicable","not applicable","not applicable","not applicable","not applicable","not applicable","not applicable","not applicable","not applicable","not applicable","not applicable","not collected","Pacific chub mackerel","not collected","not applicable","Scomber japonicus","FMP_121","13676","not collected","not collected","not applicable","not applicable","not applicable","not applicable","not applicable","11","not applicable","not applicable","not applicable","not applicable","not applicable","not applicable","not applicable","not applicable","gill swab","fish gill","not applicable","not applicable","not applicable","not applicable","not applicable",NA
"Pacific chub mackerel","gill",vermilion rockfish,"not applicable","not applicable","not applicable","not applicable","not applicable","not applicable","not applicable","not applicable","not applicable","not applicable","not applicable","not applicable","not applicable","not applicable","not applicable","not applicable","not collected","Pacific chub mackerel","not collected","not applicable","Scomber japonicus","FMP_121","13676","not collected","not collected","not applicable","not applicable","not applicable","not applicable","not applicable","11","not applicable","not applicable","not applicable","not applicable","not applicable","not applicable","not applicable","not applicable","gill tissue","fish gill","not applicable","not applicable","not applicable","not applicable","not applicable",NA
"Pacific chub mackerel","gill",bigfin eelpout,"not applicable","not applicable","not applicable","not applicable","not applicable","not applicable","not applicable","not applicable","not applicable","not applicable","not applicable","not applicable","not applicable","not applicable","not applicable","not applicable","not collected","Pacific chub mackerel","not collected","not applicable","Scomber japonicus","FMP_121","13676","not collected","not collected","not applicable","not applicable","not applicable","not applicable","not applicable","11","not applicable","not applicable","not applicable","not applicable","not applicable","not applicable","not applicable","not applicable","gill tissue","fish gill","not applicable","not applicable","not applicable","not applicable","not applicable",NA
"Pacific chub mackerel","gill",longjaw mudsucker,"not applicable","not applicable","not applicable","not applicable","not applicable","not applicable","not applicable","not applicable","not applicable","not applicable","not applicable","not applicable","not applicable","not applicable","not applicable","not applicable","not collected","Pacific chub mackerel","not collected","not applicable","Scomber japonicus","FMP_121","13676","not collected","not collected","not applicable","not applicable","not applicable","not applicable","not applicable","11","not applicable","not applicable","not applicable","not applicable","not applicable","not applicable","not applicable","not applicable","gill tissue","fish gill","not applicable","not applicable","not applicable","not applicable","not applicable",NA
"Pacific chub mackerel","gill",Pacific chub mackerel,"not applicable","not applicable","not applicable","not applicable","not applicable","not applicable","not applicable","not applicable","not applicable","not applicable","not applicable","not applicable","not applicable","not applicable","not applicable","not applicable","not collected","Pacific chub mackerel","not collected","not applicable","Scomber japonicus","FMP_121","13676","not collected","not collected","not applicable","not applicable","not applicable","not applicable","not applicable","11","not applicable","not applicable","not applicable","not applicable","not applicable","not applicable","not applicable","not applicable","gill tissue","fish gill","not applicable","not applicable","not applicable","not applicable","not applicable",NA
"Pacific chub mackerel","gill",vermilion rockfish,"not applicable","not applicable","not applicable","not applicable","not applicable","not applicable","not applicable","not applicable","not applicable","not applicable","not applicable","not applicable","not applicable","not applicable","not applicable","not applicable","not collected","Pacific chub mackerel","not collected","not applicable","Scomber japonicus","FMP_121","13676","not collected","not collected","not applicable","not applicable","not applicable","not applicable","not applicable","11","not applicable","not applicable","not applicable","not applicable","not applicable","not applicable","not applicable","not applicable","gill tissue","fish gill","not applicable","not applicable","not applicable","not applicable","not applicable",NA
"Pacific chub mackerel","gill",bigfin eelpout,"not applicable","not applicable","not applicable","not applicable","not applicable","not applicable","not applicable","not applicable","not applicable","not applicable","not applicable","not applicable","not applicable","not applicable","not applicable","not applicable","not collected","Pacific chub mackerel","not collected","not applicable","Scomber japonicus","FMP_121","13676","not collected","not applicable","not applicable","not applicable","not applicable","not applicable","not applicable","11","not applicable","not applicable","not applicable","not applicable","not applicable","not applicable","not applicable","not applicable","gill tissue","fish gill","not applicable","not applicable","not applicable","not applicable","not applicable",NA
"Pacific chub mackerel","gill",longjaw mudsucker,"not applicable","not applicable","not applicable","not applicable","not applicable","not applicable","not applicable","not applicable","not applicable","not applicable","not applicable","not applicable","not applicable","not applicable","not applicable","not applicable","not collected","Pacific chub mackerel","not collected","not applicable","Scomber japonicus","FMP_121","13676","not collected","not collected","not applicable","not applicable","not applicable","not applicable","not applicable","11","not applicable","not applicable","not applicable","not applicable","not applicable","not applicable","not applicable","not applicable","gill swab","fish gill","not applicable","not applicable","not applicable","not applicable","not applicable",NA
"Pacific chub mackerel","gill",Pacific chub mackerel,"not applicable","not applicable","not applicable","not applicable","not applicable","not applicable","not applicable","not applicable","not applicable","not applicable","not applicable","not applicable","not applicable","not applicable","not applicable","not applicable","not collected","Pacific chub mackerel","not collected","not applicable","Scomber japonicus","FMP_121","13676","not collected","not collected","not applicable","not applicable","not applicable","not applicable","not applicable","11","not applicable","not applicable","not applicable","not applicable","not applicable","not applicable","not applicable","not applicable","gill tissue","fish gill","not applicable","not applicable","not applicable","not applicable","not applicable",NA
"Pacific chub mackerel","gill",vermilion rockfish,"not applicable","not applicable","not applicable","not applicable","not applicable","not applicable","not applicable","not applicable","not applicable","not applicable","not applicable","not applicable","not applicable","not applicable","not applicable","not applicable","not collected","Pacific chub mackerel","not collected","not applicable","Scomber japonicus","FMP_121","13676","not collected","not collected","not applicable","not applicable","not applicable","not applicable","not applicable","11","not applicable","not applicable","not applicable","not applicable","not applicable","not applicable","not applicable","not applicable","gill tissue","fish gill","not applicable","not applicable","not applicable","not applicable","not applicable",NA
"Pacific chub mackerel","gill",bigfin eelpout,"not applicable","not applicable","not applicable","not applicable","not applicable","not applicable","not applicable","not applicable","not applicable","not applicable","not applicable","not applicable","not applicable","not applicable","not applicable","not applicable","not collected","Pacific chub mackerel","not collected","not applicable","Scomber japonicus","FMP_121","13676","not collected","not collected","not applicable","not applicable","not applicable","not applicable","not applicable","11","not applicable","not applicable","not applicable","not applicable","not applicable","not applicable","not applicable","not applicable","gill tissue","fish gill","not applicable","not applicable","not applicable","not applicable","not applicable",NA
"Pacific chub mackerel","gill",longjaw mudsucker,"not applicable","not applicable","not applicable","not applicable","not applicable","not applicable","not applicable","not applicable","not applicable","not applicable","not applicable","not applicable","not applicable","not applicable","not applicable","not applicable","not collected","Pacific chub mackerel","not collected","not applicable","Scomber japonicus","FMP_121","13676","not collected","not collected","not applicable","not applicable","not applicable","not applicable","not applicable","11","not applicable","not applicable","not applicable","not applicable","not applicable","not applicable","not applicable","not applicable","gill tissue","fish gill","not applicable","not applicable","not applicable","not applicable","not applicable",NA
"Pacific chub mackerel","gill",Pacific chub mackerel,"not applicable","not applicable","not applicable","not applicable","not applicable","not applicable","not applicable","not applicable","not applicable","not applicable","not applicable","not applicable","not applicable","not applicable","not applicable","not applicable","not collected","Pacific chub mackerel","not collected","not applicable","Scomber japonicus","FMP_121","13676","not collected","not collected","not applicable","not applicable","not applicable","not applicable","not applicable","11","not applicable","not applicable","not applicable","not applicable","not applicable","not applicable","not applicable","not applicable","gill tissue","fish gill","not applicable","not applicable","not applicable","not applicable","not applicable",NA
"Pacific chub mackerel","gill",vermilion rockfish,"not applicable","not applicable","not applicable","not applicable","not applicable","not applicable","not applicable","not applicable","not applicable","not applicable","not applicable","not applicable","not applicable","not applicable","not applicable","not applicable","not collected","Pacific chub mackerel","not collected","not applicable","Scomber japonicus","FMP_121","13676","not collected","not collected","not applicable","not applicable","not applicable","not applicable","not applicable","11","not applicable","not applicable","not applicable","not applicable","not applicable","not applicable","not applicable","not applicable","gill tissue","fish gill","not applicable","not applicable","not applicable","not applicable","not applicable",NA
"zebra perch","gill",bigfin eelpout,"LC","8","0","3","herbivorous","5.2","161","2.206825876","116","Kyphosus elegans","spearfishing","17.8","1.4","30.5","not applicable","intertidal","1.978422511","zebra perch","19","42","Kyphosus azureus","FMP_21","302770","135.7","135.7","not applicable","not applicable","45","45","spear","1","337","Kyphosidae","Kyphosus","Kyphosus azureus","Centrarchiformes","0.273684211","0.073684211","1.605263158","gill tissue","fish gill","rocky reef","Embiotociform","manoeuvrer","19","1","Kyphosus azurea"
"opaleye","gill",longjaw mudsucker,"LC","30","2","3","seaweed_ invertebrates","5.6","161","2.206825876","116","Girella","spearfishing","22.4","2.1","63","not applicable","neritic","2.441850908","opaleye","23","35","Girella nigricans","FMP_22","214657","297.1","297.1","10","not applicable","66","66","spear","1","361","Girellidae","Girella","Girella nigricans","Centrarchiformes","0.243478261","0.091304348","2.739130435","gill tissue","fish gill","rocky reef","Embiotociform","manoeuvrer","23","2","Girella nigricans"
"giant kelpfish","gill",Pacific chub mackerel,"NE","40","0","3","crustaceans_ mollusks_ fish","3.3","161","2.206825876","116","Gibbonsia metzi","spearfishing","21.5","1.5","7.7","not applicable","neritic","0.621304691","giant kelpfish","22.3","37","Heterostichus rostratus","FMP_23","57809","68.9","68.9","4","not applicable","61","61","spear","1","357","Clinidae","Heterostichus","Heterostichus rostratus","Blenniiformes","0.147982063","0.067264574","0.34529148","gill tissue","fish gill","rocky reef","Labriform","generalist","22.3","3","Heterostichus rostratus"
"senorita","gill",vermilion rockfish,"LC","97","0","3","small invertebrates_ fish parasites","4.3","161","2.206825876","116","Oxyjulis californica","spearfishing","17","0.7","15","not applicable","neritic","0.791776918","senorita","17","68","Halichoeres californicus","FMP_24","241331","38.9","38.9","4","not applicable","27.5","25","spear","1","231","Labridae","Oxyjulis","Oxyjulis californica","Labriformes","0.252941176","0.041176471","0.882352941","gill tissue","fish gill","rocky reef","Labriform","generalist","17","2","Oxyjulis californica"
"Bay pipefish unknown","gill",bigfin eelpout,"NE","5","0","1","crustaceans","not collected","245","2.389166084","95","Syngnathus leptorhynchus","SIO pier water pipe filter","16.9","not collected","4.5","not applicable","intertidal","0.026932907","Bay pipefish unknown","16.9","52","Syngnathus leptorhynchus","FMP_25","161587","1.3","1.3","not applicable","not applicable","38.5","32.5","net","7","212","Syngnathidae","Syngnathus","Syngnathus leptorhynchus","Syngnathiformes","not applicable","not applicable","0.266272189","gill tissue","fish gill","sandy bottom","Amiiform","manoeuvrer","16.9","2","Syngnathus leptorhynchus"
"longfin sanddab","gill",longjaw mudsucker,"NE","201","2","35","bony fish_ worm_ crustacean","1","3210","3.506505032","116","Citharichthys arctifrons","hook and line survey","18","1.8","20.3","sandy bottom, muddy bottom","neritic","1.058682715","longfin sanddab","19.5","78","Citharichthys xanthostigma","FMP_26","195600","78.5","78.5","not applicable","not applicable","29","25","rod and reel","8","371","Paralichthyidae","Citharichthys","Citharichthys xanthostigma","Pleuronectiformes","0.051282051","0.092307692","1.041025641","gill tissue","fish gill","kelp forrest","Plueronectiform","flow refuging","19.5","3","Citharichthys xanthostigma"
"calico rockfish","gill",Pacific chub mackerel,"DD","256","18","35","fish_ amphipods_ bivalves_ cephalopods_ shrimp_ copepods","5.2","3210","3.506505032","116","Sebastes dallii","hook and line survey","17.4","3.2","19","reef, hard bottom, sand reef interface","neritic","1.688834455","calico rockfish","18.3","73","Sebastes dallii","FMP_27","394690","103.5","103.5","12","not applicable","25.4","25","rod and reel","8","263","Sebastidae","Sebastes","Sebastes dallii","Perciformes","0.284153005","0.174863388","1.038251366","gill tissue","fish gill","kelp forrest","Labriform","generalist","18.3","3","Sebastes dallii"
"vermilion rockfish","gill",vermilion rockfish,"NE","274","15","35","fish_ squid_ octopus_ shrimp","8.1","3210","3.506505032","116","Sebastes miniatus","hook and line survey","26.9","4.4","33.4","not applicable","neritic","1.483876784","vermilion rockfish","27.5","30","Sebastes miniatus","FMP_28","72087","308.6","308.6","60","6.8","76","91","rod and reel","8","219","Sebastidae","Sebastes","Sebastes miniatus","Perciformes","0.294545455","0.16","1.214545455","gill tissue","fish gill","kelp forrest","Labriform","generalist","27.5","3","Sebastes miniatus"
"half banded rockfish","gill",bigfin eelpout,"not applicable","402","58","35","zooplankton_ amphipods_ crustaceans_ shrimp_","5.1","3210","3.506505032","116","Sebastes semicinctus","hook and line survey","16.2","2.5","15.7","muddy bottom, rocky reef, mid-depth reefs","neritic","0.930528979","half banded rockfish","17.7","71","Sebastes semicinctus","FMP_29","320568","51.6","51.6","15","not applicable","25","25","rod and reel","8","264","Sebastidae","Sebastes","Sebastes semicinctus","Perciformes","0.288135593","0.141242938","0.88700565","gill tissue","fish gill","kelp forrest","Labriform","generalist","17.7","2","Sebastes semicinctus"
"honeycomb rockfish","gill",longjaw mudsucker,"not applicable","119","30","30","small fish_ crabs_ shrimp","8.5","2486","3.395501124","116","Sebastes umbrosus","hook and line survey","28.3","6","32","rock reef, benthic","neritic","1.718414599","honeycomb rockfish","28.6","96","Sebastes umbrosus","FMP_3","72105","402","402","not applicable","0.57","30","29.8","rod and reel","8","277","Sebastidae","Sebastes","Sebastes umbrosus","Perciformes","0.297202797","0.20979021","1.118881119","gill tissue","fish gill","rocky reef","Labriform","generalist","28.6","3","Sebastes umbrosus"
"california kingcroaker 'corbina'","gill",Pacific chub mackerel,"DD","14","0","1","sand crabs_ crustaceans_ worms","7.2","103","2.012837225","116","Menticirrhus undulatus","spear","28","1.5","21.3","not applicable","neritic","0.756832062","california kingcroaker 'corbina'","28.5","40","Menticirrhus undulatus","FMP_30","320396","175.2","175.2","8","3.9","86.3","71","spear","8","348","Sciaenidae","Menticirrhus","Menticirrhus undulatus","Perciformes","0.252631579","0.052631579","0.747368421","gill tissue","fish gill","rocky reef","Subcarangiform","generalist","28.5","2","Menticirrhus undulatus"
"bat ray","gill",vermilion rockfish,"LC","108","0","1","bivalves_ snails_ polychaetes_ shrimps_ crabs","39.3","103","2.012837225","465","Myliobatis australis","spear","85","not collected","not collected","not applicable","neritic","0.464074903","bat ray","85","47","Myliobatis californica","FMP_31","319543","2850","2850","not applicable","82.1","180","180","spear","8","327","Myliobatidae","Myliobatis","Myliobatis californica","Myliobatiformes","0.462352941","not applicable","not applicable","gill tissue","fish gill","rocky reef","Mobuliform","flow refuging","85","2","Myliobatis californica"
"horn shark","gill",bigfin eelpout,"DD","150","2","4","benthic invertebrates_ sea urchins_ crabs_ abalone_ fish","19.5","5","0.698970004","465","Heterodontus francisci","spear","60.3","not collected","not collected","not applicable","neritic","0.840736595","horn shark","64.5","53","Heterodontus francisci","FMP_32","7792","2256","2256","12","not applicable","121","122","spear","10","303","Heterodontidae","Heterodontus","Heterodontus francisci","Heterodontiformes","0.302325581","not applicable","not applicable","gill tissue","fish gill","rocky reef","Carcharhiniform","crusier sprinter","64.5","3","Heterodontus francisci"
"spotted kelpfish","gill",longjaw mudsucker,"NE","56","0","1","benthic crustaceans: amphipods_ isopods_ crabs)_ gastropods_ polychaete worms","1.1","1","0","116","Gibbonsia","tidepool dipnet","5.7","0.9","2.5","not applicable","neritic","1.123152603","spotted kelpfish","5.7","36","Gibbonsia elegans","FMP_33","57801","2.08","2.08","not applicable","not applicable","16","16","net","10","308","Clinidae","Gibbonsia","Gibbonsia elegans","Blenniiformes","0.192982456","0.157894737","0.438596491","gill tissue","fish gill","rocky reef","Labriform","generalist","5.7","2","Gibbonsia elegans"
"rockpool blenny","gill",Pacific chub mackerel,"LC","18","0","1","gammerideans (amphipod)_ acmaea (limpets)","1.4","1","0","116","Hypsoblennius","tidepool dipnet","7.1","0.7","8","subtidal rocky, intertidal","intertidal","1.394201352","rockpool blenny","7.1","42","Hypsoblennius gilberti","FMP_34","57812","4.99","4.99","9","not applicable","17","17","net","10","310","Blenniidae","Hypsoblennius","Hypsoblennius gilberti","Blenniiformes","0.197183099","0.098591549","1.126760563","gill tissue","fish gill","rocky reef","Cottiform","accelerator","7.1","2","Hypsoblennius gilberti"
"Spotted bay bass","gill",vermilion rockfish,"LC","61","0","3","small fish_ benthic crustaceans","9","5","0.698970004","116","Paralabrax","spear","31","4.1","68.5","not applicable","neritic","1.392245547","Spotted bay bass","31.7","53","Paralabrax maculatofasciatus","FMP_35","147646","443.5","443.5","20","0.9","41.5","60","spear","8","341","Serranidae","Paralabrax","Paralabrax maculatofasciatus","Perciformes","0.283911672","0.129337539","2.160883281","gill tissue","fish gill","rocky reef","Subcarangiform","generalist","31.7","3","Paralabrax maculatofasciatus"
"blacksmith","gill",bigfin eelpout,"LC","46","2","3","macroalgae","4","5","0.698970004","116","Chromis punctipinnis","spear","15.8","1.8","32","not applicable","neritic","1.363535134","blacksmith","17.8","71","Chromis punctipinnis","FMP_36","231457","76.9","76.9","not applicable","not applicable","30.5","25","spear","8","265","Pomacentridae","Chromis","Chromis punctipinnis","Perciformes","0.224719101","0.101123596","1.797752809","gill tissue","fish gill","rocky reef","Carangiform","crusier sprinter","17.8","1","Chromis punctipinnis"
"California flounder","gill",longjaw mudsucker,"LC","183","0","3","fish_ squid","2.8","100","2","116","Paralichthys californicus","HSW gillnet survey","44","5.3","24.5","not applicable","neritic","0.888888889","California flounder","45","30","Paralichthys californicus","FMP_37","319776","810","810","30","33","152","152","gillnet","6","281","Paralichthyidae","Paralichthys","Paralichthys californicus","Pleuronectiformes","0.062222222","0.117777778","0.544444444","gill tissue","fish gill","sandy mud bottom","Plueronectiform","flow refuging","45","3","Paralichthys californicus"
"squarespot rockfish","gill",Pacific chub mackerel,"NE","183","18","50","plankton_ copepods_ crab larvae","6.2","5280","3.722633923","116","Sebastes hopkinsi","hook and line","24","3.1","53","shallow, mid, deep reef","neritic","1.0848","squarespot rockfish","25","86","Sebastes hopkinsi","FMP_38","72080","169.5","169.5","19","not applicable","29","29","rod and reel","7","197","Sebastidae","Sebastes","Sebastes hopkinsi","Perciformes","0.248","0.124","2.12","gill tissue","fish gill","rocky reef","Labriform","generalist","25","2","Sebastes hopkinsi"
"greenspotted rockfish","gill",vermilion rockfish,"not applicable","201","49","50","euphausids_ tunicates_ small fishes","7.4","4075","3.610127613","116","Sebastes chlorostictus","hook and line","24.5","4.5","31.5","caves, crevices, rock reef","neritic","1.442256203","greenspotted rockfish","24.5","49","Sebastes chlorostictus","FMP_39","72064","212.1","212.1","33","1","50","50","rod and reel","7","223","Sebastidae","Sebastes","Sebastes chlorostictus","Perciformes","0.302040816","0.183673469","1.285714286","gill tissue","fish gill","rocky reef","Labriform","generalist","24.5","3","Sebastes chlorostictus"
"starry rockfish","gill",bigfin eelpout,"NE","274","24","30","small fish_ crabs_ shrimp","6","2486","3.395501124","116","Sebastes constellatus","hook and line survey","22.1","3.5","36","deep reefs","neritic","1.83437604","starry rockfish","22.1","48","Sebastes constellatus","FMP_4","72066","198","198","32","1","46","46","rod and reel","8","297","Sebastidae","Sebastes","Sebastes constellatus","Perciformes","0.271493213","0.158371041","1.628959276","gill tissue","fish gill","rocky reef","Labriform","generalist","22.1","3","Sebastes constellatus"
"Northern anchovy","gill",longjaw mudsucker,"LC","219","0","5","euphausiids_ copepods_ decapod larvae","6.1","195","2.290034611","224","Engraulis mordax","bait barge","12.4","2.3","8","not applicable","neritic","0.624830775","Northern anchovy","13.3","54","Engraulis mordax","FMP_40","239368","14.7","14.7","7","0.068","54.2","24.8","net","7","323","Engraulidae","Engraulis","Engraulis mordax","Clupeiformes","0.458646617","0.172932331","0.601503759","gill tissue","fish gill","sandy mud bottom","Carangiform","crusier sprinter","13.3","2","Engraulis mordax"
"California scorpionfish","gill",Pacific chub mackerel,"DD","183","26","30","octopus_ crab_ small fish","4.5","2812","3.449015316","116","Scorpaena guttata","hook and line survey","17.9","2.5","23.5","rocky reef, kelp","neritic","1.708704577","California scorpionfish","17.9","42","Scorpaena guttata","FMP_41","72114","98","98","21","not applicable","57.9","43","rod and reel","8","301","Scorpaenidae","Scorpaena","Scorpaena guttata","Perciformes","0.251396648","0.139664804","1.312849162","gill tissue","fish gill","kelp forrest","Cottiform","accelerator","17.9","3","Scorpaena guttata"
"brown rockfish","gill",vermilion rockfish,"DD","128","0","30","fish_ crab_ shrimp","6.3","3440","3.536558443","116","Sebastes auriculatus","hook and line survey","23.7","4","23.5","not applicable","neritic","1.472506092","brown rockfish","23.5","42","Sebastes auriculatus","FMP_42","72057","191.1","191.1","34","not applicable","56","56","rod and reel","8","272","Sebastidae","Sebastes","Sebastes auriculatus","Perciformes","0.268085106","0.170212766","1","gill tissue","fish gill","kelp forrest","Labriform","generalist","23.5","3","Sebastes auriculatus"
"california tonguefish","gill",bigfin eelpout,"LC","201","2","3","fish_ invertebrates","0.6","235","2.371067862","116","Symphurus atricaudus","HSW gillnet survey","16.8","0.4","24","not applicable","neritic","0.957154095","california tonguefish","16.9","80","Symphurus atricaudus","FMP_43","305513","46.2","46.2","not applicable","not applicable","21","21","gillnet","6","359","Cynoglossidae","Symphurus","Symphurus atricaudus","Pleuronectiformes","0.035502959","0.023668639","1.420118343","gill tissue","fish gill","sandy mud bottom","Plueronectiform","flow refuging","16.9","3","Symphurus atricaudus"
"yellowfin croaker","gill",longjaw mudsucker,"LC","60","10","3","fish_ crustaceans_ worms_ bivalves","7","136","2.133538908","116","Umbrina cirrosa","HSW gillnet survey","25","1.6","27.4","not applicable","neritic","1.072293227","yellowfin croaker","25.9","46","Umbrina roncador","FMP_44","320399","186.3","186.3","not applicable","2.5","55.6","56","gillnet","6","350","Sciaenidae","Umbrina","Umbrina roncador","Perciformes","0.27027027","0.061776062","1.057915058","gill tissue","fish gill","sandy mud bottom","Subcarangiform","generalist","25.9","3","Umbrina roncador"
"californian salema","gill",Pacific chub mackerel,"LC","11","1","3","mysid_ isopod_ amphipod_ small fish_ polychaete_ ostracods_ nebaliaceans_ caridean_ copepods","5.1","136","2.133538908","116","Xenistius californiensis","HSW gillnet survey","16.3","2.8","19","rocky reef, kelp bed","neritic","1.213655044","californian salema","17.7","59","Brachygenys californiensis","FMP_45","314000","67.3","67.3","not applicable","not applicable","30.3","30","gillnet","6","452","Haemulidae","Haemulon","Xenistius californiensis","Perciformes","0.288135593","0.15819209","1.073446328","gill tissue","fish gill","sandy mud bottom","Subcarangiform","generalist","17.7","3","Xenistius californiensis"
"spotfin croaker","gill",vermilion rockfish,"LC","22","1","3","invertebrates (worms_ clams_ crabs_ crustaceans)","9.8","136","2.133538908","116","Pachyurus junki","HSW gillnet survey","36.5","3.4","43.5","not applicable","neritic","1.454293629","spotfin croaker","38","54","Roncador stearnsii","FMP_46","320398","798","798","15","not applicable","68.6","70","gillnet","6","349","Sciaenidae","Roncador","Roncador stearnsii","Perciformes","0.257894737","0.089473684","1.144736842","gill tissue","fish gill","sandy mud bottom","Subcarangiform","generalist","38","2","Roncador stearnsii"
"haller's round ray","gill",bigfin eelpout,"LC","91","0","3","benthic invertebrates_ small fish","not collected","160","2.204119983","465","Urolophus halleri","HSW gillnet survey","30.6","1.1","16.5","not applicable","neritic","1.074945478","haller's round ray","30.6","53","Urobatis halleri","FMP_47","86675","308","308","not applicable","1.4","58","58","gillnet","6","377","Urotrygonidae","Urolophus","Urolophus halleri","Myliobatiformes","not applicable","0.035947712","0.539215686","gill tissue","fish gill","sandy mud bottom","Rajiform","flow refuging","30.6","3","Urolophus halleri"
"specklefin midshipman","gill",longjaw mudsucker,"LC","126","0","3","fish_ octopus_ crustacean","13.2","100","2","116","Porichthys plectrodon","HSW gillnet survey","44","3.5","56.5","bay, rocky, soft bottom,","intertidal","1.171911111","specklefin midshipman","37.5","74","Porichthys myriaster","FMP_48","262771","618","618","not applicable","not applicable","51","51","gillnet","6","312","Batrachoididae","Porichthys","Porichthys myriaster","Batrachoidiformes","0.352","0.093333333","1.506666667","gill tissue","fish gill","sandy mud bottom","Labriform","generalist","37.5","3","Porichthys myriaster"
"shortfin corvina","gill",Pacific chub mackerel,"DD","20","0","3","small fish","10.1","1069","3.028977705","116","Cynoscion arenarius","HSW gillnet survey","34.4","4.3","26.3","not applicable","neritic","0.915652235","shortfin corvina","34.5","50","Cynoscion parvipinnis","FMP_49","320393","376","376","not applicable","3.2","60","69","gillnet","6","352","Sciaenidae","Cynoscion","Cynoscion parvipinnis","Perciformes","0.292753623","0.124637681","0.762318841","gill tissue","fish gill","kelp forrest","Subcarangiform","generalist","34.5","3","Cynoscion parvipinnis"
"gopher rockfish","gill",vermilion rockfish,"NE","55","0","30","fish_ benthic crustaceans_ cephalopods","7","2486","3.395501124","116","Sebastes carnatus","hook and line survey","25.5","4.5","34.5","not applicable","neritic","1.905752689","gopher rockfish","25.5","65","Sebastes carnatus","FMP_5","72062","316","316","30","not applicable","43","39","rod and reel","8","257","Sebastidae","Sebastes","Sebastes carnatus","Perciformes","0.274509804","0.176470588","1.352941176","gill tissue","fish gill","rocky reef","Labriform","generalist","25.5","3","Sebastes carnatus"
"bonefish","gill",bigfin eelpout,"NT","84","0","3","worms_ crustaceans_ mollusks","15.8","1069","3.028977705","284","Albula vulpes","HSW gillnet survey","36","3","31","not applicable","neritic","0.845588118","bonefish","42.3","41","Albula gilberti","FMP_50","54909","640","640","not applicable","10","41.2","104","gillnet","6","378","Albulidae","Albula","Albula vulpes","Albuliformes","0.373522459","0.070921986","0.73286052","gill tissue","fish gill","kelp forrest","Subcarangiform","generalist","42.3","2","Albula vulpes"
"California lizardfish","gill",longjaw mudsucker,"LC","229","1","3","fish","11.4","78","1.892094603","154","Synodus foetens","hook and line","29.5","3.5","34.5","not applicable","neritic","0.540760471","California lizardfish","30.8","48","Synodus lucioceps","FMP_51","320415","158","158","not applicable","not applicable","63.9","64","rod and reel","5","233","Synodontidae","Synodus","Synodus lucioceps","Aulopiformes","0.37012987","0.113636364","1.12012987","gill tissue","fish gill","sandy mud bottom","Esociform","accelerator","30.8","4","Synodus lucioceps"
"rubberlip perch","gill",Pacific chub mackerel,"NE","50","1","6","crabs_ worms_ bivalves_ snails_ isopods_ brittle stars_ shrimp_ squid_ algae","7.5","1163","3.065579715","116","Rhacochilus vacca","HSW gillnet survey","23","2","22.5","rocky reef, kelp, shallow","neritic","1.269539053","rubberlip perch","24.5","52","Rhacochilus toxotes","FMP_52","100202","186.7","186.7","not applicable","not applicable","47","47","gillnet","6","260","Emiotocidae","Rhacochilus","Rhacochilus toxotes","Perciformes","0.306122449","0.081632653","0.918367347","gill tissue","fish gill","rocky reef","Embiotociform","manoeuvrer","24.5","2","Rhacochilus toxotes"
"kelp perch","gill",vermilion rockfish,"NE","30","0","6","crustaceans on kelp","5","1163","3.065579715","116","Embiotoca lateralis","HSW gillnet survey","14.2","1","16.5","not applicable","neritic","1.587056494","kelp perch","15.5","70","Brachyistius frenatus","FMP_53","100188","59.1","59.1","not applicable","not applicable","21.6","22","gillnet","6","250","Emiotocidae","Brachyistius","Brachyistius frenatus","Perciformes","0.322580645","0.064516129","1.064516129","gill tissue","fish gill","rocky reef","Embiotociform","manoeuvrer","15.5","2","Brachyistius frenatus"
"halfmoon","gill",bigfin eelpout,"LC","40","0","6","invertebrates_ seaweed","5.5","1163","3.065579715","116","Kyphosus elegans","HSW gillnet survey","22.5","1.8","34","not applicable","neritic","2.044839466","halfmoon","20.4","43","Medialuna californiensis","FMP_54","314243","173.6","173.6","8","not applicable","48.3","48","gillnet","6","329","Kyphosidae","Medialuna","Medialuna californiensis","Centrarchiformes","0.269607843","0.088235294","1.666666667","gill tissue","fish gill","rocky reef","Embiotociform","manoeuvrer","20.4","2","Medialuna californiensis"
"broadnose sevengill shark","gill",longjaw mudsucker,"DD","570","0","6","sharks_ rays_ fish_ marine mammal","not collected","1432","3.155943018","465","Hexanchus griseus","HSW gillnet survey","not collected","not collected","not collected","not applicable","neritic","#VALUE!","broadnose sevengill shark","not collected","not collected","Notorynchus cepedianus","FMP_55","7857","not collected","not collected","49","107","296","300","gillnet","6","293","Hexanchidae","Notorynchus","Notorynchus cepedianus","Hexanchiformes","not applicable","not applicable","not applicable","gill tissue","fish gill","kelp forrest","Carcharhiniform","crusier sprinter","not collected","5","Notorhynchus cepedianus"
"bonito","gill",Pacific chub mackerel,"LC","100","0","3","fish_ squids_ shrimp","9.5","245","2.389166084","52","Sarda chiliensis","hook and line","34.5","3.8","32","not applicable","neritic","1.112136488","bonito","36.5","36","Sarda chiliensis","FMP_58","8231","540.8","540.8","not applicable","11.3","122","102","rod and reel","9","492","Scombridae","Sarda","Sarda chiliensis","Scombriformes","0.260273973","0.104109589","0.876712329","gill tissue","fish gill","sandy bottom","Thunniform","crusier sprinter","36.5","3","Sarda chiliensis"
"Pacific bonito","gill",vermilion rockfish,"VU","550","0","3","forage fish","not collected","160","2.204119983","465","Carcharias taurus","HSW gillnet survey","not collected","not collected","not collected","not applicable","neritic","#VALUE!","Pacific bonito","not collected","not collected","Alopias vulpinus","FMP_59","7852","not collected","not collected","25","348","573","760","gillnet","6","249","Alopiidae","Alopias","Alopias vulpinus","Lamniformes","not applicable","not applicable","not applicable","gill tissue","fish gill","sandy mud bottom","Carcharhiniform","crusier sprinter","not collected","3","Alopias vulpinus"
"olive rockfish","gill",bigfin eelpout,"NE","500","0","30","fish_ crustacean_ squid","7.8","2486","3.395501124","116","Sebastes mystinus","HSW gillnet survey","28.8","4.5","29.4","not applicable","neritic","1.303980157","olive rockfish","29.3","49","Sebastes mystinus","FMP_6","72088","328","328","not applicable","3.8","38.5","60","gillnet","8","139","Sebastidae","Sebastes","Sebastes mystinus","Perciformes","0.266211604","0.153583618","1.003412969","gill tissue","fish gill","rocky reef","Labriform","generalist","29.3","3","Sebastes mystinus"
"South American pilchard","gill",longjaw mudsucker,"LC","200","0","3","planktonic crustaceans","5.8","245","2.389166084","224","Sardinops sagax","hook and line","13.3","2.1","16.7","not applicable","neritic","0.579493923","South American pilchard","15.6","39","Sardinops sagax","FMP_60","28381","22","22","25","0.486","41","39.5","rod and reel","10","321","Clupeidae","Sardinops","Sardinops sagax","Clupeiformes","0.371794872","0.134615385","1.070512821","gill tissue","fish gill","sandy bottom","Carangiform","crusier sprinter","15.6","2","Sardinops sagax"
"Mexican lampfish","gill",Pacific chub mackerel,"LC","800","25","300","euphausiids_ copepods","2.1","9790","3.990782692","146","Diaphus rafinesquii","trawl","4.7","1.3","2.9","not applicable","mesopelagic","0.561845699","Mexican lampfish","5.2","74","Triphoturus mexicanus","FMP_61","242287","0.79","0.79","not applicable","not applicable","9","7","benthic trawl","3","na","Myctophidae","Triphoturus","Triphoturus mexicanus","Myctophiformes","0.403846154","0.25","0.557692308","gill tissue","fish gill","sandy bottom","Carangiform","crusier sprinter","5.2","2","Triphoturus mexicanus"
"slender sole","gill",vermilion rockfish,"LC","800","25","300","pelagic crustacean_ small fish","1.7","9790","3.990782692","116","Eopsetta exilis","trawl","18","1.6","14.5","sandy bottom, muddy bottom","mesopelagic and benthopelagic","0.562414266","slender sole","18","51","Lyopsetta exilis","FMP_62","195626","32.8","32.8","not applicable","not applicable","44","35","benthic trawl","3","216","Pleuronectidae","Lyopsetta","Lyopsetta exilis","Pleuronectiformes","0.094444444","0.088888889","0.805555556","gill tissue","fish gill","sandy bottom","Plueronectiform","flow refuging","18","3","Lyopsetta exilis"
"splitnose rockfish","gill",bigfin eelpout,"NE","800","0","300","copepods_ amphipods_","5","9790","3.990782692","116","Sebastes diploproa","trawl","15.5","3","18.5","mud, rock cobble fields","mesopelagic and benthopelagic","1.447417005","splitnose rockfish","15.5","34","Sebastes diploproa","FMP_63","72069","53.9","53.9","86","not applicable","45.7","46","benthic trawl","3","200","Sebastidae","Sebastes","Sebastes diploproa","Perciformes","0.322580645","0.193548387","1.193548387","gill tissue","fish gill","sandy bottom","Labriform","generalist","15.5","2","Sebastes diploproa"
"hundre fathom mora","gill",longjaw mudsucker,"NE","523","128","300","not applicable","3.9","9790","3.990782692","144","Physiculus fulvus","trawl","15","2.1","11.4","not applicable","mesopelagic","0.66865832","hundre fathom mora","15.5","62","Physiculus rastrelliger","FMP_64","740704","24.9","24.9","not applicable","not applicable","25.8","25","benthic trawl","3","376","Moridae","Physiculus","Physiculus rastrelliger","Gadiformes","0.251612903","0.135483871","0.735483871","gill tissue","fish gill","sandy bottom","Labriform","generalist","15.5",NA,"Physiculus rastrelliger"
"dover sole","gill",Pacific chub mackerel,"NE","1370","10","300","annelida_ crustacean_ mollusk_ echinoderm_ small fish","2","9790","3.990782692","116","Microstomus pacificus","trawl","21","1","20.4","sandy bottom, muddy bottom","bathypelagic","0.900550696","dover sole","21","28","Microstomus pacificus","FMP_65","89058","83.4","83.4","56","not applicable","85.2","76","benthic trawl","3","319","Pleuronectidae","Microstomus","Microstomus pacificus","Pleuronectiformes","0.095238095","0.047619048","0.971428571","gill tissue","fish gill","sandy bottom","Plueronectiform","flow refuging","21","3","Microstomus pacificus"
"rex sole","gill",vermilion rockfish,"NE","900","0","300","annelida_ crustacea_ mollusks_ fish","1.5","9790","3.990782692","116","Glyptocephalus zachirus","trawl","24.7","1.3","15","sandy bottom, muddy bottom","mesopelagic and benthopelagic","0.688821182","rex sole","24.7","41","Glyptocephalus zachirus","FMP_66","195612","103.8","103.8","27","2","61","60","benthic trawl","3","204","Pleuronectidae","Glyptocephalus","Glyptocephalus zachirus","Pleuronectiformes","0.060728745","0.052631579","0.607287449","gill tissue","fish gill","sandy bottom","Plueronectiform","flow refuging","24.7","3","Glyptocephalus zachirus"
"california butterfly ray","gill",bigfin eelpout,"LC","94","1","1","bony fish_ crustacean","not collected","3","0.477121255","465","Gymnura","hook and line","23.4","1.4","20.2","mud, sand,","intertidal","2.676208298","california butterfly ray","23.4","23","Gymnura marmorata","FMP_67","86361","342.9","342.9","not applicable","not applicable","157","100","rod and reel","8","456","Gymnuridae","Gymnura","Gymnura marmorata","Myliobatiformes","not applicable","0.05982906","0.863247863","gill tissue","fish gill","sandy bottom (mud)","Rajiform","flow refuging","23.4","3","Gymnura marmorata"
"California moray","gill",longjaw mudsucker,"NE","40","1","1","crustaceans_ octopus_ fish","8.5","3","0.477121255","284","Gymnothorax kidako","hook and line","80","5","44.8","not applicable","neritic","0.25625","California moray","80","53","Gymnothorax mordax","FMP_68","875776","1312","1312","30","not applicable","152","152","rod and reel","8","288","Muraenidae","Gymnothorax","Gymnothorax mordax","Anguilliformes","0.10625","0.0625","0.56","gill tissue","fish gill","rocky reef (shallow)","Anguilliform","burrowing","80","3","Gymnothorax mordax"
"Blacktip poacher","gill",Pacific chub mackerel,"NE","400","18","150","crustaceans","4.3","9620","3.983175072","116","Xeneretmus latifrons","otter trawl","14.2","1.2","6.5","not applicable","mesopelagic and benthopelagic","0.289966788","Blacktip poacher","14.5","76","Xeneretmus latifrons","FMP_69","274780","8.84","8.84","not applicable","not applicable","19","19","benthic trawl","3","168","Agonidae","Xeneretmus","Xeneretmus latifrons","Perciformes","0.296551724","0.082758621","0.448275862","gill tissue","fish gill","sandy bottom","Cottiform","accelerator","14.5","2","Xeneretmus latifrons"
"white seaperch","gill",vermilion rockfish,"NE","43","0","3","isopod_ amphipod_ gastropod_ echinoderm_ annelida","5.9","103","2.012837225","116","Phanerodon furcatus","spear","19.1","1","17.2","piers, docks, bay, soft bottom","neritic","1.108189331","white seaperch","22","69","Phanerodon furcatus","FMP_7","100200","118","118","not applicable","not applicable","37.5","32","spear","6","151","Embiotocidae","Embiotoca","Phanerodon furcatus","Perciformes","0.268181818","0.045454545","0.781818182","gill tissue","fish gill","rocky reef","Embiotociform","manoeuvrer","22","2","Phanerodon furcatus"
"Earned blacksmelt","gill",bigfin eelpout,"NE","6100","930","500","planktivore","1.7","27530","4.439806211","199","Bathylagus euryops","Isaacs Kidd Midwater Trawl","3","0.2","1.1","deep water","abyssalpelagic","0.566666667","Earned blacksmelt","3","17","Lipolagus ochotensis","FMP_70","170193","0.153","0.153","not applicable","not applicable","20","17.3","midwater trawl","3","not applicable","Bathylagidae","Lipolagus","Lipolagus ochotensis","Argentiniformes","0.566666667","0.066666667","0.366666667","gill tissue","fish gill","sandy bottom","Subcarangiform","generalist","3","2","Lipolagus ochotensis"
"pacific sanddab","gill",longjaw mudsucker,"NE","549","0","150","bony fish_ crustacean","0.9","9620","3.983175072","116","Citharichthys sordidus","otter trawl","12.4","1.1","11.5","sandy bottom, muddy bottom","mesopelagic and benthopelagic","0.69704357","pacific sanddab","12.4","30","Citharichthys sordidus","FMP_71","319774","13.29","13.29","9","not applicable","41","41","benthic trawl","3","316","Paralichthyidae","Citharichthys","Citharichthys sordidus","Pleuronectiformes","0.072580645","0.088709677","0.927419355","gill tissue","fish gill","sandy bottom","Plueronectiform","flow refuging","12.4","3","Citharichthys sordidus"
"plainfin midshipmen","gill",Pacific chub mackerel,"LC","366","0","150","crustaceans_ fish","5.3","9620","3.983175072","116","Porichthys notatus","otter trawl","17.9","2.5","15","not applicable","mesopelagic","0.798557853","plainfin midshipmen","17.9","47","Porichthys notatus","FMP_72","45384","45.8","45.8","not applicable","not applicable","46","38","benthic trawl","3","355","Batrachoididae","Porichthys","Porichthys notatus","Batrachoidiformes","0.296089385","0.139664804","0.837988827","gill tissue","fish gill","sandy bottom","Labriform","generalist","17.9","3","Porichthys notatus"
"english sole","gill",vermilion rockfish,"NE","550","0","150","crustaceans_ worms_ brittle stars_ mollusks","1","9620","3.983175072","116","Parophrys vetulus","otter trawl","27","2.5","38","not applicable","mesopelagic and benthopelagic","0.901285373","english sole","27","55","Parophrys vetulus","FMP_73","172659","177.4","177.4","22","1.5","62","49","benthic trawl","3","320","Pleuronectidae","Parophrys","Parophrys vetulus","Pleuronectiformes","0.037037037","0.092592593","1.407407407","gill tissue","fish gill","sandy bottom","Plueronectiform","flow refuging","27","2","Parophrys vetulus"
"North pacific hake","gill",bigfin eelpout,"LC","1000","0","328.5","invertebrates","8.8","12130","4.083860801","144","Merluccius productus","otter trawl","29","4.5","22.2","not applicable","mesopelagic","0.611316472","North pacific hake","29.2","32","Merluccius productus","FMP_74","89952","152.2","152.2","16","1.2","91.4","91","benthic trawl","3","289","Merlucciidae","Merluccius","Merluccius productus","Gadiformes","0.301369863","0.154109589","0.760273973","gill tissue","fish gill","sandy bottom","Labriform","generalist","29.2","2","Merluccius productus"
"bigfin eelpout","gill",longjaw mudsucker,"NE","620","73","328.5","copepods_ euphasids","5.4","12130","4.083860801","116","Lycodes terraenovae","otter trawl","22","2.7","13","muddy bottoms","mesopelagic and benthopelagic","0.390683696","bigfin eelpout","22","44","Lycodes cortezianus","FMP_75","57818","41.6","41.6","not applicable","not applicable","58","50","benthic trawl","3","127","Zoarcidae","Lycodes","Lycodes cortezianus","Perciformes","0.245454545","0.122727273","0.590909091","gill tissue","fish gill","sandy bottom","Labriform","generalist","22","2","Lycodes cortezianus"
"bearded eelpout","gill",Pacific chub mackerel,"NE","373","82","328.5","not applicable","2.5","12130","4.083860801","116","Lycodes","otter trawl","10.7","0.7","5","mud, sandy bottom","mesopelagic and benthopelagic","0.219584129","bearded eelpout","10.7","63","Lyconema barbatum","FMP_76","320593","2.69","2.69","not applicable","not applicable","22","17","benthic trawl","3","173","Zoarcidae","Lyconema","Lyconema barbatum","Perciformes","0.23364486","0.065420561","0.46728972","gill tissue","fish gill","sandy bottom","Labriform","generalist","10.7",NA,"Lyconema barbatum"
"California smoothtongue","gill",vermilion rockfish,"NE","850","25","328.5","salp_ tunicates_ krill_ copepods","2.8","12130","4.083860801","199","Argentina sialis","otter trawl","5.3","0.7","3","deep sea","mesopelagic","0.577009767","California smoothtongue","5.5","37","Leuroglossus stilbius","FMP_77","301819","0.96","0.96","not applicable","not applicable","20","15","benthic trawl","3","not applicable","Bathylagidae","Leuroglossus","Leuroglossus stilbius","Argentiniformes","0.509090909","0.127272727","0.545454545","gill tissue","fish gill","sandy bottom","Subcarangiform","generalist","5.5","2","Leuroglossus stilbius"
"Snipe eel","gill",bigfin eelpout,"LC","4337","100","500","crustaceans","8.4","27530","4.439806211","284","Nemichthys scolopaceus","Isaacs Kidd Midwater Trawl","94.9","9.5","38","deep sea","abyssalpelagic","0.006376728","Snipe eel","94.9","73","Nemichthys scolopaceus","FMP_78","118170","54.5","54.5","not applicable","not applicable","200","130","midwater trawl","3","not applicable","Nemichthyidae","Nemichthys","Nemichthys scolopaceus","Anguilliformes","0.088514226","0.100105374","0.400421496","gill tissue","fish gill","sandy bottom","Anguilliform","burrowing","94.9","2","Nemichthys scolopaceus"
"yellowtail amberjack","gill",longjaw mudsucker,"NE","825","3","10","fish_ squid_ crab_ crust","not collected","4970","3.696356389","116","Seriola dorsalis","hook and line survey","79","not collected","75","not applicable","neritic","#VALUE!","yellowtail amberjack","not collected","34","Seriola lalandi dorsalis","FMP_79","302047","6980","6980","12","96.8","150","250","rod and reel","8","172","Carangidae","Seriola","Seriola dorsalis","Carangiformes","not applicable","not applicable","0.872093023","gill tissue","fish gill","kelp forrest","Carangiform","crusier sprinter","86","3","Seriola dorsalis"
"rock wrasse","gill",Pacific chub mackerel,"LC","24","0","3","gastropods_ crustaceans_ ectoparasites from other fish","4.9","103","2.012837225","116","Halichoeres semicinctus","spear","21.7","0.9","not collected","not applicable","neritic","1.585388899","rock wrasse","21.7","57","Halichoeres californicus","FMP_8","239038","162","162","14","not applicable","38","38","spear","6","347","Labridae","Halichoeres","Halichoeres semicinctus","Labriformes","0.225806452","0.041474654","not applicable","gill tissue","fish gill","rocky reef","Labriform","generalist","21.7","2","Halichoeres semicinctus"
"pelagic ray","gill",vermilion rockfish,"LC","381","1","3","coelenterates_ squid_ decapod crusta_ fish","not collected","4970","3.696356389","465","Pteroplatytrygon violacea","hook and line survey","not applicable","not collected","46","not applicable","neritic","#VALUE!","pelagic ray","not collected","85","Pteroplatytrygon violacea","FMP_80","651723","11470","11470","not applicable","not applicable","80","163","rod and reel","8","393","Dasyatidae","Dasyatis","Pteroplatytrygon violacea","Myliobatiformes","not applicable","not applicable","0.332850941","gill tissue","fish gill","kelp forrest","Rajiform","flow refuging","138.2","3","Pteroplatytrygon violacea"
"pacific hagfish","gill",bigfin eelpout,"DD","966","16","300","scavenger_ eats fish from inside out",NA,"9790","3.990782692","599","Eptatretus burgeri","otter trawl","35.3","1.1","38","not applicable","mesopelagic","0.194375713","pacific hagfish","35.3","56","Eptatretus stoutii","FMP_81","7765","85.5","85.5","not applicable","not applicable","82","63.5","benthic trawl","3","244","Myxinidae","Eptatretus","Eptatretus stoutii","Myxiniformes","not applicable","0.031161473","1.076487252","gill tissue","fish gill","sandy bottom","Anguilliform","burrowing","35.3","3","Eptatretus stoutii"
"black eelpout","gill",longjaw mudsucker,"NE","844","146","300","euphausiids_ shrimp","6.5","9790","3.990782692","116","Lycodes diapterus","otter trawl","24.7","2.1","16.5","muddy bottoms","mesopelagic and benthopelagic","0.329147694","black eelpout","24.7","63","Lycodes diapterus","FMP_82","215426","49.6","49.6","not applicable","not applicable","39","39","benthic trawl","3","100","Zoarcidae","Lycodes","Lycodes diapterus","Perciformes","0.263157895","0.085020243","0.668016194","gill tissue","fish gill","sandy bottom","Labriform","generalist","24.7","2","Lycodes diapterus"
"black belly dragonfish","gill",Pacific chub mackerel,"LC","1500","100","500","crustaceans_ lanternfishes","15","9790","3.990782692","199","Stomias boa","Isaacs Kidd Midwater Trawl","17.5","2.5","14.6","deep sea","bathypelagic","0.180991254","black belly dragonfish","17.5","70","Stomias atriventer","FMP_83","320411","9.7","9.7","not applicable","not applicable","25","25","midwater trawl","3","not applicable","Stomiidae","Stomias","Stomias atriventer","Stomiatiformes","0.857142857","0.142857143","0.834285714","gill tissue","fish gill","sandy bottom","Esociform","accelerator","17.5","3","Stomias atriventer"
"brown catshark","gill",vermilion rockfish,"DD","1306","33","500","true shrimps_ ephausiid shrimp_ squid_ fish","10","9790","3.990782692","465","Scyliorhinus canicula","Isaacs Kidd Midwater Trawl","19.4","1.4","6.8","not applicable","bathypelagic","0.353905506","brown catshark","19.4","28","Apristurus brunneus","FMP_84","428037","25.84","25.84","not applicable","not applicable","73.5","69","midwater trawl","3","167","Scyliorhinidae","Apristurus","Apristurus brunneus","Carcharhiniformes","0.515463918","0.072164948","0.350515464","gill tissue","fish gill","sandy bottom","Carcharhiniform","crusier sprinter","19.4","3","Apristurus brunneus"
"black belly eelpout","gill",bigfin eelpout,"NE","399","9","500","crustaceans_ worms_ bivalves_ brittle stars","5","9790","3.990782692","116","Lycodes brevipes","Isaacs Kidd Midwater Trawl","20.5","2","14.5","not applicable","mesopelagic and benthopelagic","0.344278232","black belly eelpout","20.5","45","Lycodopsis pacificus","FMP_85","1772091","29.66","29.66","5","not applicable","46","46","midwater trawl","3","140","Zoarcidae","Lycodes","Lycodes pacificus","Perciformes","0.243902439","0.097560976","0.707317073","gill tissue","fish gill","sandy bottom","Labriform","generalist","20.5","2","Lycodes pacificus"
"Dogface witch eel","gill",longjaw mudsucker,"NE","1000","64","500","crustaceans","6.2","9790","3.990782692","284","Nettastoma parviceps","Isaacs Kidd Midwater Trawl","32","2.9","12.5","deep sea","mesopelagic","0.039031982","Dogface witch eel","32","36","Facciolella equatorialis","FMP_86","2488690","12.79","12.79","not applicable","not applicable","90","90","midwater trawl","3","not applicable","Nettastomatidae","Facciolella","Facciolella equatorialis","Anguilliformes","0.19375","0.090625","0.390625","gill tissue","fish gill","sandy bottom","Anguilliform","burrowing","32","2","Facciolella equatorialis"
"Twospine bigscale","gill",Pacific chub mackerel,"LC","4000","200","500","not applicable","3.4","9790","3.990782692","130","Poromitra crassiceps","Isaacs Kidd Midwater Trawl","8.3","1","4","deep sea","bathypelagic","1.318141299","Twospine bigscale","8.7","79","Scopelogadus (mizolepsis) bispinosus","FMP_87","319445","8.68","8.68","not applicable","not applicable","17.5","11","midwater trawl","3","not applicable","Melamphaidae","Scopelogadus","Scopelogadus (mizolepsis) bispinosus","Beryciformes","0.390804598","0.114942529","0.459770115","gill tissue","fish gill","sandy bottom","Subcarangiform","generalist","8.7",NA,"Scopelogadus (mizolepsis) bispinosus"
"Broadfin lampfish","gill",vermilion rockfish,"LC","1095","20","500","copepods_ young fishes_ sagitta_ euphausiids","5","9790","3.990782692","146","not applicablenobrachium lineatum","Isaacs Kidd Midwater Trawl","10.9","3","5","deep sea","mesopelagic","0.753044668","Broadfin lampfish","11.9","99","not applicablenobrachium ritteri","FMP_88","319541","12.69","12.69","not applicable","not applicable","13.9","12","midwater trawl","3","not applicable","Myctophidae","not applicablenobrachium","not applicablenobrachium ritteri","Myctophiformes","0.420168067","0.25210084","0.420168067","gill tissue","fish gill","sandy bottom","Subcarangiform","generalist","11.9","3","Nannobrachium ritteri"
"Highlight hatchetfish","gill",bigfin eelpout,"LC","2000","800","500","ostracods_ copepods_ euphausiids_ amphipods_ decapods","1.2","27530","4.439806211","199","Sternoptyx sp. ASIZP 0911478","Isaacs Kidd Midwater Trawl","2","0.3","not collected","deep sea","bathypelagic","1.089406461","Highlight hatchetfish","2.2","37","Sternoptyx pseudobscura","FMP_89","320404","0.116","0.116","not applicable","not applicable","7","6","midwater trawl","3","not applicable","Sternoptychidae","Sternoptyx","Sternoptyx pseudobscura","Stomiatiformes","0.545454545","0.136363636","not applicable","gill tissue","fish gill","sandy bottom","Carangiform","crusier sprinter","2.2","2","Sternoptyx pseudobscura"
"black perch","gill",longjaw mudsucker,"NE","46","0","3","invertebrates: amphipods_ worms_ bryozoans_ mollusks_ ectoparasites","6","103","2.012837225","116","Embiotoca jacksoni","spear","18.1","1.5","31","not applicable","neritic","2.361860329","black perch","19","49","Embiotoca jacksoni","FMP_9","100190","162","162","10","0.7","39","39","spear","6","276","Embiotocidae","Embiotoca","Embiotoca jacksoni","Perciformes","0.315789474","0.078947368","1.631578947","gill tissue","fish gill","rocky reef","Embiotociform","manoeuvrer","19","2","Embiotoca jacksoni"
"Pacific hatchet fish","gill",Pacific chub mackerel,"LC","3872","1","500","ostracods_ copepods_ euphausiids_ salps_ chaetognaths","1.3","27530","4.439806211","199","Argyropelecus affinis","Isaacs Kidd Midwater Trawl","3.3","1","2.7","deep sea","bathypelagic","0.69375","Pacific hatchet fish","4","48","Argyropelecus affinis","FMP_90","81869","0.444","0.444","not applicable","not applicable","9.4","8.4","midwater trawl","3","not applicable","Sternoptychidae","Argyropelecus","Argyropelecus affinis","Stomiatiformes","0.325","0.25","0.675","gill tissue","fish gill","sandy bottom","Carangiform","crusier sprinter","4","2","Argyropelecus affinis"
"Dogtooh lampfish","gill",vermilion rockfish,"LC","1500","0","500","crustaceans","1.9","27530","4.439806211","146","Ceratoscopelus warmingii","Isaacs Kidd Midwater Trawl","4.3","1.9","2.4","deep sea","bathypelagic","0.632052951","Dogtooh lampfish","4.8","26","Ceratoscopelus townsendi","FMP_91","875772","0.699","0.699","not applicable","not applicable","8.5","18.4","midwater trawl","3","not applicable","Myctophidae","Ceratoscopelus","Ceratoscopelus townsendi","Myctophiformes","0.395833333","0.395833333","0.5","gill tissue","fish gill","sandy bottom","Subcarangiform","generalist","4.8","2","Ceratoscopelus townsendi"
"giant black seabass","gill",bigfin eelpout,"CR","46","5","10","bony fish_ sharks_ rays_ crustacean","not collected","1533","3.185542155","116","Stereolepis gigas","hook and line","not collected","not collected","not collected","rocky reef, kelp bed","neritic","#VALUE!","giant black seabass","118","47","Stereolepis gigas","FMP_92","184449","not collected","not collected","100","255.6","270","250","rod and reel","7","176","Polyprionidae","Stereolepsis","Stereolepis gigas","Pempheriformes","not applicable","not applicable","not applicable","gill tissue","fish gill","kelp forrest","Labriform","generalist","118","4","Stereolepis gigas"
"california grenadier","gill",longjaw mudsucker,"NE","909","277","500","opportunistic","4","9790","3.990782692","144","Nezumia aequalis","Isaacs Kidd Midwater Trawl","19","1.5","17","not applicable","mesopelagic","0.266219566","california grenadier","19","42","Nezumia stelgidolepis","FMP_93","1154598","18.26","18.26","not applicable","not applicable","50","45","midwater trawl","3","227","Macrouridae","Nezumia","Nezumia stelgidolepis","Gadiformes","0.210526316","0.078947368","0.894736842","gill tissue","fish gill","sandy bottom","Cottiform","accelerator","19","3","Nezumia stelgidolepis"
"yellowfin tuna","gill",Pacific chub mackerel,"NT","250","0","1","fish_ squid_ crustraceans","not collected","110765","5.044402552","52","Thunnus albacares","hook and line","53.34","not collected","47","not applicable","neritic","2.625847024","yellowfin tuna","59.182","25","Thunnus albacares","FMP_94","8236","5443","5443","9","200","206","239","rod and reel","10","506","Scombridae","Thunnus","Thunnus albacares","Scombriformes","not applicable","not applicable","0.794160387","gill tissue","fish gill","pelagic","Thunniform","crusier sprinter","59.182","3","Thunnus albacares"
"arrow goby","gill",vermilion rockfish,"NE","2","0","1","diatoms_ green algae_ tintinnids_ eggs","1.1","5","0.698970004","116","Gymnogobius urotaenia","hook and line","3.2","0.4","2","not applicable","intertidal","0.561523438","arrow goby","3.2","50","Clevelandia ios","FMP_95","185732","0.184","0.184","3","not applicable","6.7","6.4","rod and reel","8","325","Gobiidae","Clevelandia","Clevelandia ios","Gobiiformes","0.34375","0.125","0.625","gill tissue","fish gill","sandy mud bottom","Esociform","accelerator","3.2","2","Clevelandia ios"
"California killifish","gill",bigfin eelpout,"NE","1","0.3","1","gastropods_ crustaceans_ bivalves_ worms_ microalgae","2.2","42","1.62324929","116","Fundulus parvipinnis","hook and line","4.7","0.3","4.2","bay estuary, benthopelagic","intertidal","1.292584495","California killifish","4.7","44","Fundulus parvipinnis","FMP_96","28757","1.342","1.342","3","not applicable","13.3","10.8","rod and reel","8","307","Fundulidae","Fundulus","Fundulus parvipinnis","Cyprinodontiformes","0.468085106","0.063829787","0.893617021","gill tissue","fish gill","sandy mud bottom","Esociform","accelerator","4.7","2","Fundulus parvipinnis"
"Dolphinfish","gill",longjaw mudsucker,"LC","85","0","3","fish_ squid_ zooplankton_ crustacean","6.2","15450","4.188928484","116","Coryphaena hippurus","hook and line","65","6.5","44","not applicable","neritic","0.714357963","Dolphinfish","78","37","Coryphaena hippurus","FMP_97","34814","3390","3390","4","40","210","210","rod and reel","8","495","Coryphaenidae","Coryphaena","Coryphaena hippurus","Carangiformes","0.079487179","0.083333333","0.564102564","gill tissue","fish gill","pelagic","Carangiform","crusier sprinter","78","3","Coryphaena hippurus"
"skipjack tuna","gill",Pacific chub mackerel,"LC","260","0","3","fish_ cephalopods_ crustacea_ mollusks_ cannibalism","19.1","71737","4.855743211","52","not applicable","hook and line","60.2","6.4","31.5","not applicable","neritic","2.657315551","skipjack tuna","63.5","58","Katsuwonus pelamis","FMP_98","8226","6804","6804","12","34.5","108","110","rod and reel","8","443","Scombridae","Katsuwonus","Katsuwonus pelamis","Scombriformes","0.300787402","0.100787402","0.496062992","gill tissue","fish gill","pelagic","Thunniform","crusier sprinter","63.5","3","Katsuwonus pelamis"
"topsmelt silverside","gill",vermilion rockfish,"LC","26","0","1","zooplankton_ algae_ fly larvae","7.3","30","1.477121255","116","Atherinops affinis","hook and line","11.5","0.6","17.4","not applicable","neritic","0.666833104","topsmelt silverside","12.4","34","Atherinops affinis","FMP_99","238741","12.714","12.714","9","not applicable","38.8","37","rod and reel","8","324","Atherinopsidae","Atherinops","Atherinops affinis","Atheriniformes","0.588709677","0.048387097","1.403225806","gill tissue","fish gill","sandy mud bottom","Subcarangiform","generalist","12.4","2","Atherinops affinis"
"summer flounder","gill",bigfin eelpout,"LC","183","10","30","fish_ shrimp","3.81","12970","4.112939976","116","Paralichthys dentatus","hook and line","50.8","7.62","29.21","bays, sandy substrate, eelgrass","neritic","1.44570696","summer flounder","52.07","55","Paralichthys dentatus","FMP_104","66718","2041","2041","9","12","94","94","rod and reel","9","A1","Paralichthyidae","Paralichthys","Paralichthys dentatus","Pleuronectiformes","0.073170732","0.146341463","0.56097561","gill tissue","fish gill","sandy bottom","Pleuronectiform","flow refuging","52.07","3","Paralichthys dentatus"
"atlantic needlefish","gill",longjaw mudsucker,"LC","5","0","2","small fishes","not collected","3","0.477121255","116","Strongylura","hook and line","not collected","not applicable","not applicable","coastal areas, mangrove lagoons, reef","intertidal","#DIV/0!","atlantic needlefish","not collected","not collected","Strongylura marina","FMP_111","129068","not applicable","not applicable","not applicable","2.3","111","111","rod and reel","9","A10","Belonidae","Strongylura","Strongylura marina","Beloniformes","not applicable","not applicable","not applicable","gill tissue","fish gill","surface","Esociform","accelerator","not collected","3","Strongylura marina"
"oyster toadfish","gill",Pacific chub mackerel,"LC","5","0","1","crustaceans_ mollusks","4.3","3","0.477121255","116","Opsanus tau","fish trap","15.5","2.5","29.5","reefs, rocky bottom,s jetties, wrecks","intertidal","2.224833003","oyster toadfish","15.5","36","Opsanus tau","FMP_112","8068","82.85","82.85","not applicable","2.2","43.2","43.2","net","9","A11","Batrachoididae","Opsanus","Opsanus tau","Batrachoidiformes","0.277419355","0.161290323","1.903225806","gill tissue","fish gill","muddy bottom","Cottiform","accelerator","15.5","2","Opsanus tau"
"american eel","gill",vermilion rockfish,"EN","464","0","1","Ephemeroptera_ Odonata_ Plecoptera_ Coleoptera_ Trichoptera_ and Lepidoptera","10.2","3","0.477121255","284","Anguilla rostrata","fish trap","30.8","1.6","14.5","boulders and logs, streams, river, muddy silt lakes","mesopelagic","0.213155456","american eel","30.8","20","Anguilla rostrata","FMP_113","7938","62.28","62.28","43","7.3","152","152","net","9","A12","Anguillidae","Anguilla","Anguilla rostrata","Anguilliformes","0.331168831","0.051948052","0.470779221","gill tissue","fish gill","muddy bottom","Anguilliform","burrowing","30.8","4","Anguilla rostrata"
"blue runner","gill",bigfin eelpout,"LC","100","0","38","fish_ shrimp_ inverts","6.1","42460","4.62797999","116","Caranx crysos","hook and line","20.3","2.2","15","juveniles; floating kelp","neritic","1.236473443","blue runner","23.7","59","Caranx crysos","FMP_114","173309","164.6","164.6","11","5.1","40","40","rod and reel","9","A13","Carangidae","Caranx","Caranx crysos","Carangiformes","0.257383966","0.092827004","0.632911392","gill tissue","fish gill","surface","Carangiform","crusier sprinter","23.7","3","Caranx crysos"
"dolphinfish","gill",longjaw mudsucker,"LC","10","5","38","fish_ zooplankton_ crustacean_ squid","6.9","39920","4.601190533","116","Coryphaena hippurus","hook and line","51","5","23","pelagic surface","neritic","0.866128798","dolphinfish","60.5","29","Coryphaena hippurus","FMP_115","34814","1918","1918","4","40","210","210","rod and reel","9","A14","Coryphaenidae","Coryphaena","Coryphaena hippurus","Carangiformes","0.114049587","0.082644628","0.380165289","gill tissue","fish gill","surface","Thunniform","crusier sprinter","60.5","3","Coryphaena hippurus"
"rainwater killifish","gill",Pacific chub mackerel,"LC","2","0","0.5","larval crustaceans cyclopoid and harpacticoid copepods_ mosquito larvae_ worms_ mollusks","not collected","3","0.477121255","116","Lucania","fish trap","not collected","not applicable","not applicable","vegetatd quiet water","intertidal","#DIV/0!","rainwater killifish","not collected","not collected","Lucania parva","FMP_116","722640","not applicable","not applicable","not applicable","not applicable","6.2","6.2","net","9","A18","Fundulidae","Lucania","Lucania parva","Cyprinodontiformes","not applicable","not applicable","not applicable","gill tissue","fish gill","muddy bottom","Esociform","accelerator","not collected","2","Lucania parva"
"northern searobin","gill",vermilion rockfish,"LC","170","15","24","shrimp_ crabs_ crustacean_ squid bivalves_ small fish","5.3","11705","4.068371418","116","Prionotus carolinus","hook and line","22.9","1.9","40.1","sandy bottom","neritic","0.851404216","northern searobin","24.7","65","Prionotus carolinus","FMP_105","1266880","128.3","128.3","not applicable","not applicable","38","38","rod and reel","9","A2","Triglidae","Prionotus","Prionotus carolinus","Perciformes","0.214574899","0.076923077","1.623481781","gill tissue","fish gill","sandy bottom","Cottiform","accelerator","24.7","3","Prionotus carolinus"
"little skate","gill",bigfin eelpout,"NT","329","0","22","bottom dwelling organisms: crab_ shrimp_ polychaetes_ mollusks_ squid_ bony fish","38","13677","4.135990847","465","Amblyraja radiata","hook and line","44.2","1.6","33.4","sandy or gravel bottoms","neritic","0.56861025","little skate","44.2","82","Leucoraja erinacea","FMP_117","7782","491","491","12","not applicable","54","54","rod and reel","9","A20","Rajidae","Leucoraja","Leucoraja erinacea","Rajiformes","0.859728507","0.036199095","0.755656109","gill tissue","fish gill","shipwreck","Rajiform","flow refuging","44.2","3","Leucoraja erinacea"
"yellowfin tuna","gill",longjaw mudsucker,"NT","250","0","152","fish_ squid_ crustraceans","37","145050","5.161517733","52","Thunnus albacares","green stick","123","14.6","82.1","not applicable","neritic","1.382716049","yellowfin tuna","135","56","Thunnus albacares","FMP_118","8236","34020","34020","9","200","239","239","net","9","A21","Scombridae","Thunnus","Thunnus albacares","Scombriformes","0.274074074","0.108148148","0.608148148","gill tissue","fish gill","rocky shelf","Thunniform","crusier sprinter","135","3","Thunnus albacares"
"bluefish","gill",Pacific chub mackerel,"VU","200","0","17.2","fish_ crustaceans_ squid","15.7","140","2.146128036","60","Pomatomus saltatrix","hook and line","42","5.2","41.9","rocky beaches, estuaries, shallow cosatl water","neritic","1.007033781","bluefish","46.4","36","Pomatomus saltatrix","FMP_119","75034","1006","1006","9","14.4","130","130","rod and reel","9","A22","Pomatomidae","Pomatomus","Pomatomus saltatrix","Scombriformes","0.338362069","0.112068966","0.903017241","gill tissue","fish gill","rocky bottom","Carangiform","crusier sprinter","46.4","3","Pomatomus saltatrix"
"striped bass","gill",vermilion rockfish,"LC","30","0","3","fishes (alewives_ herring_ smelt_ eels_ flounder_ gunnel_ hake) inverts: squid crab worms_ amphipods_ crustaceans","18.8","3","0.477121255","116","Morone saxatilis","hook and line","54.9","6.6","57.5","bays, rivers,","neritic","0.994081913","striped bass","57.4","29","Morone saxatilis","FMP_120","34816","1880","1880","30","57","200","200","rod and reel","9","A23","Moronidae","Morone","Morone saxatilis","Perciformes","0.327526132","0.114982578","1.00174216","gill tissue","fish gill","muddy bottom","Carangiform","crusier sprinter","57.4","4","Morone saxatilis"
"black seabass","gill",bigfin eelpout,"LC","130","1","30","crab_ shrimp_ small fish_ lobsters","8.5","12920","4.111262514","116","Centropristis striata","hook and line","33.5","4.7","32.5","rocky jetties, shallow water","neritic","0.744618228","black seabass","33.9","51","Centropristis striata","FMP_106","184440","290.09","290.09","20","4.3","66","66","rod and reel","9","A3","Serranidae","Centropristis","Centropristis striata","Perciformes","0.250737463","0.138643068","0.958702065","gill tissue","fish gill","shipwreck","Labriform","generalist","33.9","3","Centropristis striata"
"silver perch","gill",longjaw mudsucker,"LC","40","5","1","crustaceans_ worms_ fishes","3.2","3","0.477121255","116","Bairdiella chrysoura","fish trap","11","1.6","8.3","sandy, muddy bottom, estuaries, some fw","neritic","1.277235162","silver perch","11","37","Bairdiella chrysoura","FMP_107","331523","17","17","not applicable","not applicable","30","30","net","9","A4","Sciaenidae","Bairdiella","Bairdiella chrysoura","Perciformes","0.290909091","0.145454545","0.754545455","gill tissue","fish gill","muddy bottom","Subcarangiform","generalist","11","3","Bairdiella chrysoura"
"mummichog","gill",Pacific chub mackerel,"LC","1","0","0.5","plant detritus_ mites_ nematodes_ worms_ copepods","4.5","3","0.477121255","116","Fundulus heteroclitus","fish trap","8.4","0.9","12.7","saltwater marshes, creeks, fw, intertidal","intertidal","1.489782421","mummichog","8.4","56","Fundulus heteroclitus","FMP_108","8078","8.83","8.83","4","not applicable","15","15","net","9","A5","Fundulidae","Fundulus","Fundulus heteroclitus","Cyprinodontiformes","0.535714286","0.107142857","1.511904762","gill tissue","fish gill","muddy bottom","Esociform","accelerator","8.4","2","Fundulus heteroclitus"
"atlantic menhaden","gill",vermilion rockfish,"LC","50","0","2","phytoplankton (diatoms)_ zooplankon_ crustaceans_ annelid worms_ detritutes","6.2","3","0.477121255","224","Brevoortia tyrannus","cast net","13.8","2.7","60.8","continental shelf, river, bay","neritic","0.968261719","atlantic menhaden","16","32","Brevoortia tyrannus","FMP_109","224708","39.66","39.66","not applicable","not applicable","50","50","net","9","A8","Clupeidae","Brevoortia","Brevoortia tyrannus","Clupeiformes","0.3875","0.16875","3.8","gill tissue","fish gill","surface","Carangiform","crusier sprinter","16","2","Brevoortia tyrannus"
"striped blenny","gill",bigfin eelpout,"LC","30","1","1","zooplantkton","1.4","3","0.477121255","116","Lipophrys pholis","fish trap","7.4","1.2","9.7","oyster beds, hard bottom","neritic","1.399226107","striped blenny","7.4","49","Chasmodes bosquianus","FMP_110","521180","5.67","5.67","not applicable","not applicable","15","15","net","9","A9","Blenniidae","Chasmodes","Chasmodes bosquianus","Blenniiformes","0.189189189","0.162162162","1.310810811","gill tissue","fish gill","muddy bottom","Cottiform","accelerator","7.4","2","Chasmodes bosquianus"
